sku,nome,preco,categoria,cdn
152273,PALHETA IBOX 1.0MM C/ 20 PCS VERMELHO PLP100RD - 1,,Musical,https://www.oderco.com.br/media/catalog/product/cache/c5b0e6136a6dd7f7d91d8b889ed40f35/1/5/1522731780914726.jpg
17415,SUPORTE P/MICROFONE GIRAFA SMMAX PRETO - 1,,Musical,https://www.oderco.com.br/media/catalog/product/cache/c5b0e6136a6dd7f7d91d8b889ed40f35/1/7/174151780914735.jpg
29570,SUPORTE DE PAREDE P/ VIOLAO/GUITARRA AGS - 1,,Musical,https://www.oderco.com.br/media/catalog/product/cache/c5b0e6136a6dd7f7d91d8b889ed40f35/2/9/295701780914739.jpg
37641,MICROFONE COM CABO USB PODCAST-400U PRETO - 1,,Musical,https://www.oderco.com.br/media/catalog/product/cache/c5b0e6136a6dd7f7d91d8b889ed40f35/3/7/376411780050717.jpg
CP106936,ESTANTE PARA PARTITURA PORTÁTIL COM AJUSTE DE ALTURA - DOBRÁVEL COM BAG - TNE1954-1,,Musical,https://www.oderco.com.br/media/catalog/product/cache/c5b0e6136a6dd7f7d91d8b889ed40f35/1/0/106936-17522920464015416.jpeg
CP106942,"SUPORTE PARA GUITARRA, BAIXO E VIOLÃO - TUBULAR - DOBRÁVEL - TNS1954-1",,Musical,https://www.oderco.com.br/media/catalog/product/cache/c5b0e6136a6dd7f7d91d8b889ed40f35/1/0/106942-17522545549759688.jpeg
CP106943,"SUPORTE PARA GUITARRA, BAIXO E VIOLÃO - TUBULAR - DOBRÁVEL - TNS1954-2",,Musical,https://www.oderco.com.br/media/catalog/product/cache/c5b0e6136a6dd7f7d91d8b889ed40f35/1/0/106943-17522519523585391.jpeg
CP106944,"SUPORTE PARA GUITARRA, BAIXO E VIOLÃO - TIPO CAVALETE - DOBRÁVEL - TNS1954-3",,Musical,https://www.oderco.com.br/media/catalog/product/cache/c5b0e6136a6dd7f7d91d8b889ed40f35/1/0/106944-17522514183928029.jpeg
CP106945,SUPORTE PARA TECLADO - DOBRÁVEL - TNS1954-4,,Musical,https://www.oderco.com.br/media/catalog/product/cache/c5b0e6136a6dd7f7d91d8b889ed40f35/1/0/106945_3-17458116913004011.jpeg
CP106946,"SUPORTE DE PAREDE PARA GUITARRA, BAIXO E VIOLÃO - TNS1954-5",,Musical,https://www.oderco.com.br/media/catalog/product/cache/c5b0e6136a6dd7f7d91d8b889ed40f35/1/0/106946-17523128018929446.jpeg
CP106947,PEDESTAL PARA MICROFONE GIRAFA COM CACHIMBO - TNP1954-1,,Musical,https://www.oderco.com.br/media/catalog/product/cache/c5b0e6136a6dd7f7d91d8b889ed40f35/1/0/106947-17523431730061566.jpeg
CP106949,"SUPORTE PARA GUITARRA, BAIXO E VIOLÃO - TIPO CAVALETE - DOBRÁVEL - TNS1954-7",,Musical,https://www.oderco.com.br/media/catalog/product/cache/c5b0e6136a6dd7f7d91d8b889ed40f35/1/0/106949-17523362357634390.jpeg
CP108160,GUITARRA ELÉTRICA VALENTINE'S - MODELO ST- SSS - SNOW WHITE - TV1954SW,,Musical,https://www.oderco.com.br/media/catalog/product/cache/c5b0e6136a6dd7f7d91d8b889ed40f35/1/0/108160_1-17680520863657208.jpeg
CP108167,GUITARRA ELÉTRICA VALENTINE'S - MODELO ST- SSS - DEEP DARK - TV1954DD,,Musical,https://www.oderco.com.br/media/catalog/product/cache/c5b0e6136a6dd7f7d91d8b889ed40f35/1/0/108167_-17680521668965265.jpeg
CP108168,GUITARRA ELÉTRICA VALENTINE'S - MODELO ST- SSS - SUNSET - TV1954SS,,Musical,https://www.oderco.com.br/media/catalog/product/cache/c5b0e6136a6dd7f7d91d8b889ed40f35/1/0/108168_1-17680522492235093.jpeg
CP108169,GUITARRA ELÉTRICA VALENTINE'S - MODELO ST-SSS - LIPSTICK RED - TV1954LR,,Musical,https://www.oderco.com.br/media/catalog/product/cache/c5b0e6136a6dd7f7d91d8b889ed40f35/1/0/108169_1-17680523300367888.jpeg
CP108171,GUITARRA ELÉTRICA VALENTINE'S - MODELO ST- SSS - BLUE OCEAN - TV1954BO,,Musical,https://www.oderco.com.br/media/catalog/product/cache/c5b0e6136a6dd7f7d91d8b889ed40f35/1/0/108171_1-17680524093678353.jpeg
CP108174,GUITARRA ELÉTRICA CECILLE - MODELO TL - COBALT BLUE - TLC1954CB,,Musical,https://www.oderco.com.br/media/catalog/product/cache/c5b0e6136a6dd7f7d91d8b889ed40f35/1/0/108174_1-17679922300566559.jpeg
CP108177,CONTRABAIXO ELÉTRICO - JAZZMINE - YELLOW CAKE - 4 CORDAS - TBJM1954YC,,Musical,https://www.oderco.com.br/media/catalog/product/cache/c5b0e6136a6dd7f7d91d8b889ed40f35/1/0/108177_-17680208889835810.jpeg
CP108179,CONTRABAIXO ELÉTRICO - JAZZMINE - DEEP DARK - 4 CORDAS - TBJM1954DD,,Musical,https://www.oderco.com.br/media/catalog/product/cache/c5b0e6136a6dd7f7d91d8b889ed40f35/1/0/108179_-17680209684252633.jpeg
CP108180,CONTRABAIXO ELÉTRICO - JAZZMINE - SUNSET - 4 CORDAS - TBJM1954SS,,Musical,https://www.oderco.com.br/media/catalog/product/cache/c5b0e6136a6dd7f7d91d8b889ed40f35/1/0/108180_-17680210463088772.jpeg
CP108181,CONTRABAIXO ELÉTRICO - THEODOR -NUDE WOOD - 4 CORDAS - TT1954NW,,Musical,https://www.oderco.com.br/media/catalog/product/cache/c5b0e6136a6dd7f7d91d8b889ed40f35/1/0/108181_1-17680213671014443.jpeg
CP108182,CONTRABAIXO ELÉTRICO - THEODOR -MERLOT - 4 CORDAS - TT1954ML,,Musical,https://www.oderco.com.br/media/catalog/product/cache/c5b0e6136a6dd7f7d91d8b889ed40f35/1/0/108182_-17680215312874966.jpeg
CP108183,CONTRABAIXO ELÉTRICO - THEODOR -DEEP DARK - 4 CORDAS - TT1954DD,,Musical,https://www.oderco.com.br/media/catalog/product/cache/c5b0e6136a6dd7f7d91d8b889ed40f35/1/0/108183_1-17680214492912536.jpeg
CP108184,VIOLÃO CLÁSSICO ACÚSTICO LORENZZO 39&quot; - NYLON - NATURAL - VTL1954N,,Musical,https://www.oderco.com.br/media/catalog/product/cache/c5b0e6136a6dd7f7d91d8b889ed40f35/1/0/108184_1-17692867433513200.jpeg
CP108186,VIOLÃO CLÁSSICO ACÚSTICO LORENZZO 39&quot; - NYLON - BROWN - VTL1954M,,Musical,https://www.oderco.com.br/media/catalog/product/cache/c5b0e6136a6dd7f7d91d8b889ed40f35/1/0/108186_1-17691781042869388.jpeg
CP108187,VIOLÃO CLÁSSICO ELETRO-ACÚSTICO LORENZZO 39&quot; - SLIM CUTAWAY - NYLON - NATURAL FOSCO - VTLSC1954N,,Musical,https://www.oderco.com.br/media/catalog/product/cache/c5b0e6136a6dd7f7d91d8b889ed40f35/1/0/108187_1-17458610515934347.jpeg
CP108189,VIOLÃO CLÁSSICO ELETRO-ACÚSTICO LORENZZO 39&quot; - SLIM CUTAWAY - NYLON - BROWN FOSCO - VTLSC1954M,,Musical,https://www.oderco.com.br/media/catalog/product/cache/c5b0e6136a6dd7f7d91d8b889ed40f35/1/0/108189_1-17459144899983650.jpeg
CP10964,"CABO DE GUITARRA NINJA CABLE 0,20 MM P10/P10 10FT 3,05M PRETO",,Musical,https://www.oderco.com.br/media/catalog/product/cache/c5b0e6136a6dd7f7d91d8b889ed40f35/1/0/10964_1-17573495018096459.jpeg
CP10966,"CABO DE MICROF. NINJA HG 0,20 MM P10/ XLR F. 03FT 0,91CM T",,Musical,https://www.oderco.com.br/media/catalog/product/cache/c5b0e6136a6dd7f7d91d8b889ed40f35/1/0/10966_1-17573496127964037.jpeg
CP10967,"CABO DE MICROF. NINJA HG 0,20 MM P10/XLR F. 10FT 3,05M PT",,Musical,https://www.oderco.com.br/media/catalog/product/cache/c5b0e6136a6dd7f7d91d8b889ed40f35/1/0/10967_1-17573496501567971.jpeg
CP10968,"CABO DE MICROF. NINJA HG 0,20 MM P10/XLR FEMEA 15FT 4,57M PT",,Musical,https://www.oderco.com.br/media/catalog/product/cache/c5b0e6136a6dd7f7d91d8b889ed40f35/1/0/10968_1-17573497860192444.jpeg
CP10969,"CABO PARA MICROFONE XLR M / XLR F NINJA LW 03FT 0,91M PRETO",,Musical,https://www.oderco.com.br/media/catalog/product/cache/c5b0e6136a6dd7f7d91d8b889ed40f35/1/0/10969-17458757270742827.jpeg
CP10971,"CABO PARA MICROF. NINJA LW 0,20 MM XLR M/ XLR F NINJA 15FT 4,57M PRETO",,Musical,https://www.oderco.com.br/media/catalog/product/cache/c5b0e6136a6dd7f7d91d8b889ed40f35/1/0/10971-17457919131095456.jpeg
CP11002,PLUG P10 MONO NINJA C/ MOLA,,Musical,https://www.oderco.com.br/media/catalog/product/cache/c5b0e6136a6dd7f7d91d8b889ed40f35/1/1/11002.jpg-17459198268275043.jpeg
CP11008,PLUG XLR SAS 3 PINOS LINHA FÊMEA NIQUELADO L3FNN01,,Musical,https://www.oderco.com.br/media/catalog/product/cache/c5b0e6136a6dd7f7d91d8b889ed40f35/1/1/11008.jpg-17460176305482622.jpeg
CP111578,GUITARRA ELÉTRICA CECILLE - MODELO TL - SANGRIA - TLC1954SG,,Musical,https://www.oderco.com.br/media/catalog/product/cache/c5b0e6136a6dd7f7d91d8b889ed40f35/1/1/111578_-17679923063815163.jpeg
CP111593,GUITARRA ELÉTRICA STAR LIGHT- SS - RED SUNSET - TSL21954RS,,Musical,https://www.oderco.com.br/media/catalog/product/cache/c5b0e6136a6dd7f7d91d8b889ed40f35/1/1/111593-17522971558727672.jpeg
CP111594,GUITARRA ELÉTRICA STAR LIGHT -SS - VANILLA - TSL21954V,,Musical,https://www.oderco.com.br/media/catalog/product/cache/c5b0e6136a6dd7f7d91d8b889ed40f35/1/1/111594-17523728616964867.jpeg
CP111597,GUITARRA ELÉTRICA STAR LIGHT - SS - AZURE - TSL21954AZ,,Musical,https://www.oderco.com.br/media/catalog/product/cache/c5b0e6136a6dd7f7d91d8b889ed40f35/1/1/111597-17523185382683191.jpeg
CP111599,CONTRABAIXO ELÉTRICO - JAZZMINE - YELLOW CAKE - 5 CORDAS - TBJM1954YC5,,Musical,https://www.oderco.com.br/media/catalog/product/cache/c5b0e6136a6dd7f7d91d8b889ed40f35/1/1/111599_1-17680211236497029.jpeg
CP111601,CONTRABAIXO ELÉTRICO - JAZZMINE- DEEP DARK- 5 CORDAS - TBJM1954DD5,,Musical,https://www.oderco.com.br/media/catalog/product/cache/c5b0e6136a6dd7f7d91d8b889ed40f35/1/1/111601_-17680212017815919.jpeg
CP111602,CONTRABAIXO ELÉTRICO - JAZZMINE- SUNSET - 5 CORDAS - TBJM1954SS5,,Musical,https://www.oderco.com.br/media/catalog/product/cache/c5b0e6136a6dd7f7d91d8b889ed40f35/1/1/111602_-17680212850399424.jpeg
CP111603,CONTRABAIXO ELÉTRICO - THEODOR - NUDE WOOD - 5 CORDAS - TT1954NW5,,Musical,https://www.oderco.com.br/media/catalog/product/cache/c5b0e6136a6dd7f7d91d8b889ed40f35/1/1/111603_-17683010154697343.jpeg
CP111604,CONTRABAIXO ELÉTRICO - THEODOR - MERLOT - 5 CORDAS - TT1954ML5,,Musical,https://www.oderco.com.br/media/catalog/product/cache/c5b0e6136a6dd7f7d91d8b889ed40f35/1/1/111604_-17683991153392531.jpeg
CP111605,CONTRABAIXO ELÉTRICO - THEODOR - DEEP DARK - 5 CORDAS - TT1954DD5,,Musical,https://www.oderco.com.br/media/catalog/product/cache/c5b0e6136a6dd7f7d91d8b889ed40f35/1/1/111605_1-17682489091784786.jpeg
CP111613,VIOLÃO ELÉTRICO ABALONE 40&quot; - NATURAL - TAMPO SÓLIDO EM SPRUCE - EQ 3 BANDAS - FOSCO - VGAB1954N40,,Musical,https://www.oderco.com.br/media/catalog/product/cache/c5b0e6136a6dd7f7d91d8b889ed40f35/1/1/111613_1-17522907229355352.jpeg
CP111614,VIOLÃO ELÉTRICO ABALONE 41&quot; - NATURAL - TAMPO SÓLIDO EM SPRUCE - EQ 3 BANDAS - FOSCO - VFA1954N41,,Musical,https://www.oderco.com.br/media/catalog/product/cache/c5b0e6136a6dd7f7d91d8b889ed40f35/1/1/111614_1-17496758262554069.jpeg
CP111616,VIOLÃO ELÉTRICO QUARTZO 40&quot; - TAMPO SÓLIDO EM MAHOGANY - FOSCO - EQ 4 BANDAS - VGAQ1954N40,,Musical,https://www.oderco.com.br/media/catalog/product/cache/c5b0e6136a6dd7f7d91d8b889ed40f35/1/1/111616_-17774682560112308.jpeg
CP111630,VIOLÃO ELÉTRICO SAFIRA 41&quot; - TAMPO EM ZEBRA - EQ 4 BANDAS - FOSCO - VSZ1954N41Z,,Musical,https://www.oderco.com.br/media/catalog/product/cache/c5b0e6136a6dd7f7d91d8b889ed40f35/1/1/111630_1-17774819634096250.jpeg
CP111631,VIOLÃO ELÉTRICO SAFIRA 41&quot;- TAMPO EM SPRUCE - EQ 4 BANDAS - FOSCO - VSL1954N41L,,Musical,https://www.oderco.com.br/media/catalog/product/cache/c5b0e6136a6dd7f7d91d8b889ed40f35/1/1/111631_1-17774820006368463.jpeg
CP111643,VIOLÃO ELÉTRICO CORAL 41&quot; - TAMPO SÓLIDO EM SPRUCE - CLEAR NATURAL - EQ 3 BANDAS - VGAC1954CN41,,Musical,https://www.oderco.com.br/media/catalog/product/cache/c5b0e6136a6dd7f7d91d8b889ed40f35/1/1/111643-17522980454421331.jpeg
CP111644,VIOLÃO ELÉTRICO CORAL 41&quot; - TAMPO SÓLIDO EM SPRUCE - DARK WOOD - EQ 3 BANDAS - VGAC1954DW41,,Musical,https://www.oderco.com.br/media/catalog/product/cache/c5b0e6136a6dd7f7d91d8b889ed40f35/1/1/111644-17522908245393531.jpeg
CP111645,VIOLÃO ELÉTRICO CORAL 41&quot; - TAMPO SÓLIDO EM SPRUCE - DARK SPRUCE - EQ 3 BANDAS - VGAC1954DS41,,Musical,https://www.oderco.com.br/media/catalog/product/cache/c5b0e6136a6dd7f7d91d8b889ed40f35/1/1/111645-17523725954076509.jpeg
CP111646,VIOLÃO ELÉTRICO CORAL 41&quot; - TAMPO SÓLIDO EM SPRUCE - SUNSET - EQ 3 BANDAS - VGAC1954S41,,Musical,https://www.oderco.com.br/media/catalog/product/cache/c5b0e6136a6dd7f7d91d8b889ed40f35/1/1/111646-17523286356236629.jpeg
CP111647,VIOLÃO ELÉTRICO CORAL 41&quot; - TAMPO SÓLIDO EM SPRUCE - BLUE WOOD - EQ 3 BANDAS - VGAC1954BW41,,Musical,https://www.oderco.com.br/media/catalog/product/cache/c5b0e6136a6dd7f7d91d8b889ed40f35/1/1/111647-17522981473449179.jpeg
CP111648,VIOLÃO ELÉTRICO CORAL 40&quot; - TAMPO SÓLIDO EM SPRUCE - CLEAR NATURAL - EQ 3 BANDAS - VGAC1954CN40,,Musical,https://www.oderco.com.br/media/catalog/product/cache/c5b0e6136a6dd7f7d91d8b889ed40f35/1/1/111648-17522982449924071.jpeg
CP111649,VIOLÃO ELÉTRICO CORAL 40&quot; - TAMPO SÓLIDO EM SPRUCE - DARK WOOD - EQ 3 BANDAS - VGAC1954DW40,,Musical,https://www.oderco.com.br/media/catalog/product/cache/c5b0e6136a6dd7f7d91d8b889ed40f35/1/1/111649-17523723615448329.jpeg
CP111650,VIOLÃO ELÉTRICO CORAL 40&quot; - TAMPO SÓLIDO EM SPRUCE - DARK SPRUCE - EQ 3 BANDAS - VGAC1954DS40,,Musical,https://www.oderco.com.br/media/catalog/product/cache/c5b0e6136a6dd7f7d91d8b889ed40f35/1/1/111650-17523496277887760.jpeg
CP112213,VIOLÃO ELÉTRICO MAGMA 40&quot; - TAMPO EM MAHOGANY - ACABAMENTO GLOSS - EQ 4 BANDAS - TVM1954,,Musical,https://www.oderco.com.br/media/catalog/product/cache/c5b0e6136a6dd7f7d91d8b889ed40f35/1/1/112213-17523500660374203.jpeg
CP112214,VIOLÃO ELÉTRICO OPALA 40&quot; - TAMPO EM MAHOGANY - ACABAMENTO GLOSS - EQ 3 BANDAS - TVOP1954,,Musical,https://www.oderco.com.br/media/catalog/product/cache/c5b0e6136a6dd7f7d91d8b889ed40f35/1/1/112214-17523569234116658.jpeg
CP112217,VIOLÃO ELÉTRICO ÔNIX 40&quot; - TAMPO EM SPRUCE - ACABAMENTO FOSCO - EQ 3 BANDAS - TVO1954,,Musical,https://www.oderco.com.br/media/catalog/product/cache/c5b0e6136a6dd7f7d91d8b889ed40f35/1/1/112217-17523634973322788.jpeg
CP112218,VIOLÃO ELÉTRICO AMETISTA MINI 36&quot; - TAMPO EM SPRUCE - ACABAMENTO FOSCO - EQ 3 BANDAS - VTAM1954,,Musical,https://www.oderco.com.br/media/catalog/product/cache/c5b0e6136a6dd7f7d91d8b889ed40f35/1/1/112218-17522509662142752.jpeg
CP112220,VIOLÃO ELÉTRICO GRANADA 40&quot; - TAMPO EM WALNUT - ACABAMENTO FOSCO - EQ 3 BANDAS - VTG1954,,Musical,https://www.oderco.com.br/media/catalog/product/cache/c5b0e6136a6dd7f7d91d8b889ed40f35/1/1/112220_2-17458647598892637.jpeg
CP112362,ENCORDOAMENTO VIOLAO ACO EJ11 012,,Musical,https://www.oderco.com.br/media/catalog/product/cache/c5b0e6136a6dd7f7d91d8b889ed40f35/1/1/112362-17459262031402442.jpeg
CP112392,MICROFONES PULSE PRO 2 SEM FIO + RECEIVER - SP801,,Musical,https://www.oderco.com.br/media/catalog/product/cache/c5b0e6136a6dd7f7d91d8b889ed40f35/1/1/112392-1-17642509856531753.jpeg
CP11706,MICROFONE PROFISSIONAL MC-200 PRATA,,Musical,https://www.oderco.com.br/media/catalog/product/cache/c5b0e6136a6dd7f7d91d8b889ed40f35/1/1/11706.jpg-17523313462302649.jpeg
CP13201,"CABO DE GUITARRA ANGEL TX 0,30MM P10/P10 90º 10FT 3,05M TEXTIL",,Musical,https://www.oderco.com.br/media/catalog/product/cache/c5b0e6136a6dd7f7d91d8b889ed40f35/1/3/13201_1-17573494242192622.png
CP13202,"CABO DE GUITARRA ANGEL TX 0,30 MM P10/P10 90º 15FT 4,57M TEXTIL",,Musical,https://www.oderco.com.br/media/catalog/product/cache/c5b0e6136a6dd7f7d91d8b889ed40f35/1/3/13202_1-17573492321702087.png
CP13205,"CABO DE MICROF. NINJA HG 0,20 MM P10/XLR F. 25FT 7,62M PRETO",,Musical,https://www.oderco.com.br/media/catalog/product/cache/c5b0e6136a6dd7f7d91d8b889ed40f35/1/3/13205_1-17573497533487480.jpeg
CP13206,"CABO PARA MICROF. NINJA LW 0,20 MM XLR M/ XLR F 20FT 6,10M PRETO",,Musical,https://www.oderco.com.br/media/catalog/product/cache/c5b0e6136a6dd7f7d91d8b889ed40f35/1/3/13206-17569949626965955.jpeg
CP13207,"CABO PARA MICROFONE XLR M / XLR F NINJA LW 25FT 7,62M PRETO",,Musical,https://www.oderco.com.br/media/catalog/product/cache/c5b0e6136a6dd7f7d91d8b889ed40f35/1/3/13207-17569946547853736.jpeg
CP13228,"CABO DE GUITARRA ANGEL L 0,30MM P10/P10 90º 10FT 3,05 M PRETO",,Musical,https://www.oderco.com.br/media/catalog/product/cache/c5b0e6136a6dd7f7d91d8b889ed40f35/1/3/13228_1-17573491218686946.png
CP13230,"CABO DE GUITARRA ANGEL L 0,30MM P10/P10 90º 20FT 6,10M PRETO",,Musical,https://www.oderco.com.br/media/catalog/product/cache/c5b0e6136a6dd7f7d91d8b889ed40f35/1/3/13230_1-17573491788535710.png
CP1403,MICROFONE PROFISSIONAL SM58 P4 BK PRETO FOSCO,,Musical,https://www.oderco.com.br/media/catalog/product/cache/c5b0e6136a6dd7f7d91d8b889ed40f35/1/4/1403-1-17484544833202985.jpeg
CP143025,MICROFONE DINAMICO PRETO BRILHANTE MC200,,Musical,https://www.oderco.com.br/media/catalog/product/cache/c5b0e6136a6dd7f7d91d8b889ed40f35/1/4/143025-3-17637380795897290.jpeg
CP146108,"SUPORTE TRIPLO PARA GUITARRA, BAIXO E VIOLÃO -TNS1954-8",,Musical,https://www.oderco.com.br/media/catalog/product/cache/c5b0e6136a6dd7f7d91d8b889ed40f35/1/4/146108-17459061237573801.jpeg
CP146109,"SUPORTE DE PAREDE PARA GUITARRA, BAIXO E VIOLÃO SLATWALL COM REGULAGEM - TNS1954-9",,Musical,https://www.oderco.com.br/media/catalog/product/cache/c5b0e6136a6dd7f7d91d8b889ed40f35/1/4/146109-17523709938482355.jpeg
CP146110,"SUPORTE DE PAREDE PARA GUITARRA, BAIXO E VIOLÃO COM TRAVA - TNS1954-10",,Musical,https://www.oderco.com.br/media/catalog/product/cache/c5b0e6136a6dd7f7d91d8b889ed40f35/1/4/146110-17522530403104114.jpeg
CP14855,MICROFONE COM FIO PROFISSIONAL FNK5,,Musical,https://www.oderco.com.br/media/catalog/product/cache/c5b0e6136a6dd7f7d91d8b889ed40f35/1/4/14855.jpg-17573354444459416.jpeg
CP152259,DAMPER EM COURO E TAG EM METAL PRATA METAL DMMD01,,Musical,https://www.oderco.com.br/media/catalog/product/cache/c5b0e6136a6dd7f7d91d8b889ed40f35/1/5/152259-17458629760564369.jpeg
CP152260,DAMPER EM COURO E TAG EM METAL DOURADO METALICO DMMD02,,Musical,https://www.oderco.com.br/media/catalog/product/cache/c5b0e6136a6dd7f7d91d8b889ed40f35/1/5/152260-17458693297278892.jpeg
CP152261,DAMPER IBOX EM COURO E TAG EM METAL VERMELHO METALICO DMMD04,,Musical,https://www.oderco.com.br/media/catalog/product/cache/c5b0e6136a6dd7f7d91d8b889ed40f35/1/5/152261-17458494703688373.jpeg
CP152262,DAMPER EM COURO E TAG EM METAL PRETO DSMD02,,Musical,https://www.oderco.com.br/media/catalog/product/cache/c5b0e6136a6dd7f7d91d8b889ed40f35/1/5/152262-17459240515504932.jpeg
CP152264,DAMPER EM POLIESTER E TAG EM METAL MARROM DTMD18,,Musical,https://www.oderco.com.br/media/catalog/product/cache/c5b0e6136a6dd7f7d91d8b889ed40f35/1/5/152264-17458916992041633.jpeg
CP152268,PALHETA IBOX 1.0MM C/ 20 PCS PRETO PLP100BK,R$ 1.0,Musical,https://www.oderco.com.br/media/catalog/product/cache/c5b0e6136a6dd7f7d91d8b889ed40f35/1/5/152268-17458725957963934.jpeg
CP152269,PALHETA IBOX 1.00MM C/ 20 PCS AZUL PLP100BL,,Musical,https://www.oderco.com.br/media/catalog/product/cache/c5b0e6136a6dd7f7d91d8b889ed40f35/1/5/152269_2-17458614645401589.jpeg
CP152272,PALHETA IBOX 1.00MM C/ 20 PCS LARANJA PLP100OG,,Musical,https://www.oderco.com.br/media/catalog/product/cache/c5b0e6136a6dd7f7d91d8b889ed40f35/1/5/152272-17459172713903504.jpeg
CP152273,PALHETA IBOX 1.0MM C/ 20 PCS VERMELHO PLP100RD,,Musical,https://www.oderco.com.br/media/catalog/product/cache/c5b0e6136a6dd7f7d91d8b889ed40f35/1/5/152273_2-17459165074785513.jpeg
CP152274,ROLDANAS CROMADAS P/ CORREIAS DE INSTRUMENTO RD01C,,Musical,https://www.oderco.com.br/media/catalog/product/cache/c5b0e6136a6dd7f7d91d8b889ed40f35/1/5/152274-17457143736195612.jpeg
CP152275,CORREIA COMFORT 5CM LISTRAS CK505 PT VM BR E CZ,,Musical,https://www.oderco.com.br/media/catalog/product/cache/c5b0e6136a6dd7f7d91d8b889ed40f35/1/5/152275_2-17458148519187147.jpeg
CP152276,CORREIA COMFORT 5CM CK518 MARROM,,Musical,https://www.oderco.com.br/media/catalog/product/cache/c5b0e6136a6dd7f7d91d8b889ed40f35/1/5/152276-17458438836352559.jpeg
CP152277,CORREIA COMFORT 5CM CK520 CINZA,,Musical,https://www.oderco.com.br/media/catalog/product/cache/c5b0e6136a6dd7f7d91d8b889ed40f35/1/5/152277_1-17458299597156385.jpeg
CP152278,CORREIA LUXO CL72I PRETA,,Musical,https://www.oderco.com.br/media/catalog/product/cache/c5b0e6136a6dd7f7d91d8b889ed40f35/1/5/152278-17458725286366677.jpeg
CP152280,SUPORTE TRIPE P/ CAIXA DE SOM ACUSTICA PROFISSIONAL TR3,,Musical,https://www.oderco.com.br/media/catalog/product/cache/c5b0e6136a6dd7f7d91d8b889ed40f35/1/5/152280_3-17458928618705847.jpeg
CP152309,"CABO DE GUIT.SHOGUN 0,75MM P10/P10 90º 20FT 6,10M PT",,Musical,https://www.oderco.com.br/media/catalog/product/cache/c5b0e6136a6dd7f7d91d8b889ed40f35/1/5/152309-17522774362702068.jpeg
CP152310,"CABO DE GUIT. SHOGUN 0,75MM P10/P10 90º 15FT 4,57M PT",,Musical,https://www.oderco.com.br/media/catalog/product/cache/c5b0e6136a6dd7f7d91d8b889ed40f35/1/5/152310-17522773803622010.jpeg
CP152315,"CABO DE GUIT. SAMURAI 0,30 MM P10/P10 15FT 4,57M PT",,Musical,https://www.oderco.com.br/media/catalog/product/cache/c5b0e6136a6dd7f7d91d8b889ed40f35/1/5/152315-17523406741251824.jpeg
CP152321,"CABO PARA MICROFONE XLR M / XLR F NINJA LW 30FT 9,15M PRETO",,Musical,https://www.oderco.com.br/media/catalog/product/cache/c5b0e6136a6dd7f7d91d8b889ed40f35/1/5/152321-17569947824839406.jpeg
CP152324,PLUG P10 NINJA ESTEREO COM MOLA,,Musical,https://www.oderco.com.br/media/catalog/product/cache/c5b0e6136a6dd7f7d91d8b889ed40f35/1/5/152324-17458522658976617.jpeg
CP157084,"CABO DE GUIT. NINJA L CABLE 0,20 MM P10/P10 90° 10FT 3,05M PT",,Musical,https://www.oderco.com.br/media/catalog/product/cache/c5b0e6136a6dd7f7d91d8b889ed40f35/1/5/157084_1-17573490355671638.jpeg
CP157085,"CABO DE GUIT. NINJA L CABLE 0,20 MM P10/P10 90° 15FT 4,57M PT",,Musical,https://www.oderco.com.br/media/catalog/product/cache/c5b0e6136a6dd7f7d91d8b889ed40f35/1/5/157085_1-17573490616384565.jpeg
CP157089,"CABO DE MICRF. NINJA L CABLE 0,20 MM P10/P10 90° 30FT 9,15M PRETO",,Musical,https://www.oderco.com.br/media/catalog/product/cache/c5b0e6136a6dd7f7d91d8b889ed40f35/1/5/157089_1-17573495851921192.jpeg
CP157090,"CABO DE GUIT.NINJA CABLE 0,20 MM P10/P10 30FT 9,15M PT",,Musical,https://www.oderco.com.br/media/catalog/product/cache/c5b0e6136a6dd7f7d91d8b889ed40f35/1/5/157090_1-17573495266677054.jpeg
CP157093,"CABO DE GUIT.NINJA CABLE 0,20 MM P10/10 20FT 6,10M PT",,Musical,https://www.oderco.com.br/media/catalog/product/cache/c5b0e6136a6dd7f7d91d8b889ed40f35/1/5/157093_1-17573495532412015.jpeg
CP157101,"CABO DE MICROFONE X30 0,30MM 100 MT PRETO",,Musical,https://www.oderco.com.br/media/catalog/product/cache/c5b0e6136a6dd7f7d91d8b889ed40f35/1/5/157101-17523339457239813.jpeg
CP17415,SUPORTE P/MICROFONE GIRAFA SMMAX PRETO,,Musical,https://www.oderco.com.br/media/catalog/product/cache/c5b0e6136a6dd7f7d91d8b889ed40f35/1/7/17415.jpg-17458886356477024.jpeg
CP17416,SUPORTE PORTATIL PARA VIOLAO SGV PRETO,,Musical,https://www.oderco.com.br/media/catalog/product/cache/c5b0e6136a6dd7f7d91d8b889ed40f35/1/7/17416.jpg-17460175670737556.jpeg
CP17417,SUPORTE PARA TECLADO X30 PRETO,,Musical,https://www.oderco.com.br/media/catalog/product/cache/c5b0e6136a6dd7f7d91d8b889ed40f35/1/7/17417.jpg-17458804361727651.jpeg
CP17418,SUPORTE DE PAREDE P/ VIOLAO/GUITARRA SPF,,Musical,https://www.oderco.com.br/media/catalog/product/cache/c5b0e6136a6dd7f7d91d8b889ed40f35/1/7/17418_2-17459223422141673.jpeg
CP18566,ENCORDOAMENTO GUITARRA EXL110 .010-.046,,Musical,https://www.oderco.com.br/media/catalog/product/cache/c5b0e6136a6dd7f7d91d8b889ed40f35/1/8/18566.jpg-17458371989119780.jpeg
CP18568,ENCORDOAMENTO GUITARRA EXL120-B .009.042,R$ 009.042,Musical,https://www.oderco.com.br/media/catalog/product/cache/c5b0e6136a6dd7f7d91d8b889ed40f35/1/8/18568.jpg-17458843227533971.jpeg
CP18569,ENCORDOAMENTO VIOLAO ACO EZ890-B 009.045,R$ 009.045,Musical,https://www.oderco.com.br/media/catalog/product/cache/c5b0e6136a6dd7f7d91d8b889ed40f35/1/8/18569.jpg-17460175467907563.jpeg
CP18571,ENCORDOAMENTO VIOLAO ACO EZ910 .011-.052,,Musical,https://www.oderco.com.br/media/catalog/product/cache/c5b0e6136a6dd7f7d91d8b889ed40f35/1/8/18571.jpg-17460175416358217.jpeg
CP18572,ENCORDOAMENTO VIOLAO ACO EZ920 .012-.054,,Musical,https://www.oderco.com.br/media/catalog/product/cache/c5b0e6136a6dd7f7d91d8b889ed40f35/1/8/18572.jpg-17460175364713837.jpeg
CP18574,ENCORDOAMENTO VIOLAO NYLON EJ27N,,Musical,https://www.oderco.com.br/media/catalog/product/cache/c5b0e6136a6dd7f7d91d8b889ed40f35/1/8/18574_1.jpg-17458989310906177.jpeg
CP18591,FLAUTA SOPRANO (BARROCO) YRS-24B,,Musical,https://www.oderco.com.br/media/catalog/product/cache/c5b0e6136a6dd7f7d91d8b889ed40f35/1/8/18591.jpg-17458368755831633.jpeg
CP18593,LIMPADOR E LUBRIFICANTE DE CORDAS D'ADDARIO - PW-XLR8-01,,Musical,https://www.oderco.com.br/media/catalog/product/cache/c5b0e6136a6dd7f7d91d8b889ed40f35/1/8/18593_1-17621817484905162.jpeg
CP18789,VIOLAO ACUSTICO ESTUDO NYLON N-14N NATURAL,,Musical,https://www.oderco.com.br/media/catalog/product/cache/c5b0e6136a6dd7f7d91d8b889ed40f35/1/8/18789.jpg-17523582192987850.jpeg
CP19065,VIOLAO ACUSTICO ESTUDO NYLON N-14BK PRETO,,Musical,https://www.oderco.com.br/media/catalog/product/cache/c5b0e6136a6dd7f7d91d8b889ed40f35/1/9/19065.jpg-17460175121472345.jpeg
CP19066,VIOLAO ACUSTICO ESTUDO ACO S-14N NATURAL,,Musical,https://www.oderco.com.br/media/catalog/product/cache/c5b0e6136a6dd7f7d91d8b889ed40f35/1/9/19066_1-17477610742189055.jpeg
CP191674,PEDESTAL PARA CAIXA DE SOM - PRETO - TNP1954-2,,Musical,https://www.oderco.com.br/media/catalog/product/cache/c5b0e6136a6dd7f7d91d8b889ed40f35/1/9/191674-17523643663122196.jpeg
CP193101,VIOLAO ACO ELETROACUSTICO PERFORMANCE PLUS GGC PLUS CEQ NS,,Musical,https://www.oderco.com.br/media/catalog/product/cache/c5b0e6136a6dd7f7d91d8b889ed40f35/1/9/193101-17523399793398010.jpeg
CP195081,ADAPTADOR P2/P10 ST VERMELHO,,Musical,https://www.oderco.com.br/media/catalog/product/cache/c5b0e6136a6dd7f7d91d8b889ed40f35/1/9/195081_2-17458511815431511.jpeg
CP22169,CAVACO ACUSTICO CS-14N NATURAL,,Musical,https://www.oderco.com.br/media/catalog/product/cache/c5b0e6136a6dd7f7d91d8b889ed40f35/2/2/22169_1-17480114599803745.jpeg
CP22170,VIOLAO INFANTIL 3/4 NYLON 36'' N6-BK PRETO,,Musical,https://www.oderco.com.br/media/catalog/product/cache/c5b0e6136a6dd7f7d91d8b889ed40f35/2/2/22170_2.jpg-17459057290766561.jpeg
CP22171,VIOLAO INFANTIL 3/4 NYLON 36'' N6-N NATURAL,,Musical,https://www.oderco.com.br/media/catalog/product/cache/c5b0e6136a6dd7f7d91d8b889ed40f35/2/2/22171.jpg-17523395007519935.jpeg
CP22173,VIOLAO INFANTIL 1/4 NYLON 30'' NR-N NATURAL,,Musical,https://www.oderco.com.br/media/catalog/product/cache/c5b0e6136a6dd7f7d91d8b889ed40f35/2/2/22173.jpg-17523519288882252.jpeg
CP22426,MICROFONE PROFISSIONAL SM58 P4* CHAMPANHE,,Musical,https://www.oderco.com.br/media/catalog/product/cache/c5b0e6136a6dd7f7d91d8b889ed40f35/2/2/22426_1.jpg-17522752639264211.jpeg
CP22474,VIOLA ACUSTICA VS-14N NATURAL,,Musical,https://www.oderco.com.br/media/catalog/product/cache/c5b0e6136a6dd7f7d91d8b889ed40f35/2/2/22474.jpg-17458502973616093.jpeg
CP23175,MICROFONE SEM FIO UHF LAPELA MINI-III,,Musical,https://www.oderco.com.br/media/catalog/product/cache/c5b0e6136a6dd7f7d91d8b889ed40f35/2/3/23175.jpg-17459113365166824.jpeg
CP2321,ENCORDOAMENTO GUITARRA GEEGST 9,,Musical,https://www.oderco.com.br/media/catalog/product/cache/c5b0e6136a6dd7f7d91d8b889ed40f35/2/3/2321_1-17551165977171574.png
CP2322,ENCORDOAMENTO GUITARRA GEEGST 10,,Musical,https://www.oderco.com.br/media/catalog/product/cache/c5b0e6136a6dd7f7d91d8b889ed40f35/2/3/2322_1-17551166325417073.png
CP2323,ENCORDOAMENTO BAIXO 4 CORDAS GEEBRL,,Musical,https://www.oderco.com.br/media/catalog/product/cache/c5b0e6136a6dd7f7d91d8b889ed40f35/2/3/2323-17457546825968998.jpeg
CP2324,ENCORDOAMENTO BAIXO 5 CORDAS GEEBRL 5,,Musical,https://www.oderco.com.br/media/catalog/product/cache/c5b0e6136a6dd7f7d91d8b889ed40f35/2/3/2324-17460177147754550.jpeg
CP23608,SUPORTE PARA CAIXA ACUSTICA TR2 PRETO,,Musical,https://www.oderco.com.br/media/catalog/product/cache/c5b0e6136a6dd7f7d91d8b889ed40f35/2/3/23608.jpg-17459004968496374.jpeg
CP253640,ESTANTE PARA PARTITURA MAESTRO COM AJUSTE DE ALTURA - TNE1954-2,,Musical,https://www.oderco.com.br/media/catalog/product/cache/c5b0e6136a6dd7f7d91d8b889ed40f35/2/5/253640-17523302860378686.jpeg
CP253646,APOIO DE PE PARA VIOLONISTA - COR PRETA - TNS1954-11,,Musical,https://www.oderco.com.br/media/catalog/product/cache/c5b0e6136a6dd7f7d91d8b889ed40f35/2/5/253646-17522530861643318.jpeg
CP253874,ENCORDOAMENTO NYLON COBRE PRATA TENS. ALTA PESADA P/VIOLAO 0.029 - 0.044 - TNVCH,,Musical,https://www.oderco.com.br/media/catalog/product/cache/c5b0e6136a6dd7f7d91d8b889ed40f35/2/5/253874-5-17458280901488103.jpeg
CP253880,ENCORDOAMENTO 011 AÇO BRONZE 85 15 P/VIOLÃO 0.011 - 0.052 - TNVA11B85,,Musical,https://www.oderco.com.br/media/catalog/product/cache/c5b0e6136a6dd7f7d91d8b889ed40f35/2/5/253880-17459063280908387.jpeg
CP253891,ENCORDOAMENTO 009 NÍQUEL PLATED STEEL P/GUITARRA 0.009 - 0.042 - TNGE09N,,Musical,https://www.oderco.com.br/media/catalog/product/cache/c5b0e6136a6dd7f7d91d8b889ed40f35/2/5/253891-17459046427284450.jpeg
CP253893,ENCORDOAMENTO 011 NÍQUEL PLATED STEEL P/GUITARRA 0.011 - 0.049 - TNGE11N,,Musical,https://www.oderco.com.br/media/catalog/product/cache/c5b0e6136a6dd7f7d91d8b889ed40f35/2/5/253893-17458727054976449.jpeg
CP253894,ENCORDOAMENTO 010 NÍQUEL PLATED STEEL P/GUITARRA 0.010 - 0.046 - TNGE10N,,Musical,https://www.oderco.com.br/media/catalog/product/cache/c5b0e6136a6dd7f7d91d8b889ed40f35/2/5/253894-17458998293186562.jpeg
CP253895,ENCORDOAMENTO NÍQUEL PLATED STEEL C/BOLINHA P/CAVACO 0.011 - 0.029 - RVCA11N,,Musical,https://www.oderco.com.br/media/catalog/product/cache/c5b0e6136a6dd7f7d91d8b889ed40f35/2/5/253895-2-17458688921571993.jpeg
CP253898,ENCORDOAMENTO 040 NÍQUEL PLATED STEEL P/BAIXO 4 CORDAS 0.040 - 0.095 - TNBE40N,,Musical,https://www.oderco.com.br/media/catalog/product/cache/c5b0e6136a6dd7f7d91d8b889ed40f35/2/5/253898-17459126435768742.jpeg
CP253899,ENCORDOAMENTO 045 NÍQUEL PLATED STEEL P/BAIXO 4 CORDAS 0.045 - 0.100 - TNBE45N,,Musical,https://www.oderco.com.br/media/catalog/product/cache/c5b0e6136a6dd7f7d91d8b889ed40f35/2/5/253899-17458508093325430.jpeg
CP25413,ENCORDOAMENTO VIOLAO NYLON GENWBG,,Musical,https://www.oderco.com.br/media/catalog/product/cache/c5b0e6136a6dd7f7d91d8b889ed40f35/2/5/25413-17457928895827627.jpeg
CP25415,ENCORDOAMENTO VIOLAO NYLON GENWBS,,Musical,https://www.oderco.com.br/media/catalog/product/cache/c5b0e6136a6dd7f7d91d8b889ed40f35/2/5/25415_1-17551166609139939.png
CP25416,ENCORDOAMENTO VIOLAO NYLON GENWS,,Musical,https://www.oderco.com.br/media/catalog/product/cache/c5b0e6136a6dd7f7d91d8b889ed40f35/2/5/25416-17460173986615019.jpeg
CP25417,ENCORDOAMENTO VIOLAO ACO GESWAL,,Musical,https://www.oderco.com.br/media/catalog/product/cache/c5b0e6136a6dd7f7d91d8b889ed40f35/2/5/25417-17458472193001700.jpeg
CP25418,ENCORDOAMENTO VIOLAO ACO GESWAM,,Musical,https://www.oderco.com.br/media/catalog/product/cache/c5b0e6136a6dd7f7d91d8b889ed40f35/2/5/25418.jpg-17460173930315426.jpeg
CP25419,ENCORDOAMENTO VIOLAO ACO GESPW,,Musical,https://www.oderco.com.br/media/catalog/product/cache/c5b0e6136a6dd7f7d91d8b889ed40f35/2/5/25419-17459203436056562.jpeg
CP25420,ENCORDOAMENTO VIOLAO ACO GEEWAK,,Musical,https://www.oderco.com.br/media/catalog/product/cache/c5b0e6136a6dd7f7d91d8b889ed40f35/2/5/25420-17458330766554249.jpeg
CP25421,ENCORDOAMENTO VIOLAO ACO GEEFLE,,Musical,https://www.oderco.com.br/media/catalog/product/cache/c5b0e6136a6dd7f7d91d8b889ed40f35/2/5/25421-17460173874314202.jpeg
CP25422,ENCORDOAMENTO VIOLAO ACO GEEFLK,,Musical,https://www.oderco.com.br/media/catalog/product/cache/c5b0e6136a6dd7f7d91d8b889ed40f35/2/5/25422-17460173820938679.jpeg
CP25424,ENCORDOAMENTO GUITARRA GESGT9,,Musical,https://www.oderco.com.br/media/catalog/product/cache/c5b0e6136a6dd7f7d91d8b889ed40f35/2/5/25424-17457930065039355.jpeg
CP25425,ENCORDOAMENTO GUITARRA GESGT10,,Musical,https://www.oderco.com.br/media/catalog/product/cache/c5b0e6136a6dd7f7d91d8b889ed40f35/2/5/25425.jpg-17459152659418611.jpeg
CP25664,SUPORTE EM X PARA TECLADO X20,,Musical,https://www.oderco.com.br/media/catalog/product/cache/c5b0e6136a6dd7f7d91d8b889ed40f35/2/5/25664.jpg-17459261245325728.jpeg
CP264289,VIOLÃO NYLON ELETROACÚSTICO PERFORMANCE GNF-3 CEQ TRANSLUCENT DARK WINE (TDW),,Musical,https://www.oderco.com.br/media/catalog/product/cache/c5b0e6136a6dd7f7d91d8b889ed40f35/2/6/264289_-_1-17459009948087158.jpeg
CP27752,VIOLAO ELETRICO ACO CUTAWAY GF1D CEQ WS,,Musical,https://www.oderco.com.br/media/catalog/product/cache/c5b0e6136a6dd7f7d91d8b889ed40f35/2/7/27752-17460173238325331.jpeg
CP27757,VIOLAO ELETRICO NYLON GNF3 CEQ NS,,Musical,https://www.oderco.com.br/media/catalog/product/cache/c5b0e6136a6dd7f7d91d8b889ed40f35/2/7/27757-17460173129464204.jpeg
CP27759,CAVACO ELETROACUSTICO CS-14 EP PRETO,,Musical,https://www.oderco.com.br/media/catalog/product/cache/c5b0e6136a6dd7f7d91d8b889ed40f35/2/7/27759-17460173074465728.jpeg
CP27760,CAVACO ELETROACUSTICO CS-14 EP NATURAL,,Musical,https://www.oderco.com.br/media/catalog/product/cache/c5b0e6136a6dd7f7d91d8b889ed40f35/2/7/27760_1-17482937404663813.jpeg
CP28102,VIOLA ELETROACUSTICA VS-14 EQ PRETA,,Musical,https://www.oderco.com.br/media/catalog/product/cache/c5b0e6136a6dd7f7d91d8b889ed40f35/2/8/28102-17458588494637857.jpeg
CP28463,CAIXA AMPLIFICADA ELEVATE LP USB/SD/BT 15'' 800W RMS,,Musical,https://www.oderco.com.br/media/catalog/product/cache/c5b0e6136a6dd7f7d91d8b889ed40f35/2/8/28463_1-17587373213956392.jpeg
CP28568,VIOLAO ELETRICO ACO GD1 EQ VSBS SUNBURST SATIN,,Musical,https://www.oderco.com.br/media/catalog/product/cache/c5b0e6136a6dd7f7d91d8b889ed40f35/2/8/28568-17522937053434790.jpeg
CP28777,CAVACO ACÚSTICO CS-14BK PRETO,,Musical,https://www.oderco.com.br/media/catalog/product/cache/c5b0e6136a6dd7f7d91d8b889ed40f35/2/8/28777_1-17480112038168219.jpeg
CP28778,VIOLA ACUSTICA VS-14BK PRETA,,Musical,https://www.oderco.com.br/media/catalog/product/cache/c5b0e6136a6dd7f7d91d8b889ed40f35/2/8/28778-17523238807972305.jpeg
CP28993,MICROFONE SEM FIO DE MAO VHF695,,Musical,https://www.oderco.com.br/media/catalog/product/cache/c5b0e6136a6dd7f7d91d8b889ed40f35/2/8/28993-17458134330301208.jpeg
CP28997,MICROFONE COM FIO PROFISSIONAL PRO-57,,Musical,https://www.oderco.com.br/media/catalog/product/cache/c5b0e6136a6dd7f7d91d8b889ed40f35/2/8/28997-17539630769207113.jpeg
CP29033,ENCORDOAMENTO VIOLAO NYLON GENWPA,,Musical,https://www.oderco.com.br/media/catalog/product/cache/c5b0e6136a6dd7f7d91d8b889ed40f35/2/9/29033-1-17683257513625501.png
CP29035,ENCORDOAMENTO VIOLAO NYLON GENWPM,,Musical,https://www.oderco.com.br/media/catalog/product/cache/c5b0e6136a6dd7f7d91d8b889ed40f35/2/9/29035-1-17683257903503315.png
CP29036,ENCORDOAMENTO CAVACO ACO GESCL,,Musical,https://www.oderco.com.br/media/catalog/product/cache/c5b0e6136a6dd7f7d91d8b889ed40f35/2/9/29036-17460172807882125.jpeg
CP29038,ENCORDOAMENTO VIOLA ACO COBRA GESVL,,Musical,https://www.oderco.com.br/media/catalog/product/cache/c5b0e6136a6dd7f7d91d8b889ed40f35/2/9/29038-17458341002875961.jpeg
CP29039,ENCORDOAMENTO VIOLA ACO COBRA GESVM,,Musical,https://www.oderco.com.br/media/catalog/product/cache/c5b0e6136a6dd7f7d91d8b889ed40f35/2/9/29039-17460172732108806.jpeg
CP29040,ENCORDOAMENTO VIOLA ACO COBRA GESVP,,Musical,https://www.oderco.com.br/media/catalog/product/cache/c5b0e6136a6dd7f7d91d8b889ed40f35/2/9/29040-17458228270786678.jpeg
CP29056,VIOLAO ELETRICO ACO GSF-1D CEQ NG NATURAL,,Musical,https://www.oderco.com.br/media/catalog/product/cache/c5b0e6136a6dd7f7d91d8b889ed40f35/2/9/29056-17522879776268390.jpeg
CP29096,ENCORDOAMENTO VIOLAO ACO EJ13-B,,Musical,https://www.oderco.com.br/media/catalog/product/cache/c5b0e6136a6dd7f7d91d8b889ed40f35/2/9/29096-17460172576404085.jpeg
CP29405,VIOLAO ELETRICO FLAT ACO SF-14 CEQ N NATURAL,,Musical,https://www.oderco.com.br/media/catalog/product/cache/c5b0e6136a6dd7f7d91d8b889ed40f35/2/9/29405-17458536562491594.jpeg
CP29438,SUPORTE PARA VIOLAO GT1 PRETO,,Musical,https://www.oderco.com.br/media/catalog/product/cache/c5b0e6136a6dd7f7d91d8b889ed40f35/2/9/29438-17458657133267478.jpeg
CP29440,SUPORTE PAREDE P/ VIOLAO/GUITARRA SPFR,,Musical,https://www.oderco.com.br/media/catalog/product/cache/c5b0e6136a6dd7f7d91d8b889ed40f35/2/9/29440-17458496461946713.jpeg
CP29441,SUPORTE DE PAREDE FIXO 24CM 25KG SPC177,,Musical,https://www.oderco.com.br/media/catalog/product/cache/c5b0e6136a6dd7f7d91d8b889ed40f35/2/9/29441-17459045229614227.jpeg
CP29442,SUPORTE DE PAREDE REGULAVEL 35KG SPCR,,Musical,https://www.oderco.com.br/media/catalog/product/cache/c5b0e6136a6dd7f7d91d8b889ed40f35/2/9/29442-17459255409714100.jpeg
CP29570,SUPORTE DE PAREDE P/ VIOLAO/GUITARRA AGS,,Musical,https://www.oderco.com.br/media/catalog/product/cache/c5b0e6136a6dd7f7d91d8b889ed40f35/2/9/29570_2-17459181526727946.jpeg
CP29581,MICROFONE C/FIO PROFISSIONAL LS58 CHAMPANHE,,Musical,https://www.oderco.com.br/media/catalog/product/cache/c5b0e6136a6dd7f7d91d8b889ed40f35/2/9/29581-1-17707778359919208.png
CP296011,MICROFONE UHF DUPLA FREQUÊNCIA FIXA TRANSMISSÃO DIGITAL,,Musical,https://www.oderco.com.br/media/catalog/product/cache/c5b0e6136a6dd7f7d91d8b889ed40f35/M/I/MICROFONE_UHF_DUPLA_FREQUENCIA_FIXA_TRANSMISSAO_DIGITAL-17483502582767010.png
CP296015,MICROFONE UHF DUPLO MULTI-FREQUÊNCIA 2X300 CANAIS TRANSMISSÃO DIGITAL,,Musical,https://www.oderco.com.br/media/catalog/product/cache/c5b0e6136a6dd7f7d91d8b889ed40f35/2/9/296015_1.jpg-17479413198836920.png
CP303442,CORREIA TONANTE DE POLIPROPILENO LISA PRETA- TN01P,,Musical,https://www.oderco.com.br/media/catalog/product/cache/c5b0e6136a6dd7f7d91d8b889ed40f35/3/0/303442_1-17510478646444437.jpeg
CP303447,CORREIA TONANTE DE POLIPROPILENO LISA VERMELHA - TN04P,,Musical,https://www.oderco.com.br/media/catalog/product/cache/c5b0e6136a6dd7f7d91d8b889ed40f35/3/0/303447_1-17510493049895374.jpeg
CP303448,CORREIA TONANTE DE POLIPROPILENO LISA AZUL-ESCURA - TN03P,,Musical,https://www.oderco.com.br/media/catalog/product/cache/c5b0e6136a6dd7f7d91d8b889ed40f35/3/0/303448_1-17510493653606832.jpeg
CP303449,CORREIA TONANTE DE POLIPROPILENO LISA VERDE - TN05P,,Musical,https://www.oderco.com.br/media/catalog/product/cache/c5b0e6136a6dd7f7d91d8b889ed40f35/3/0/303449_1-17510494293286907.jpeg
CP303453,CORREIA TONANTE DE POLIPROPILENO LISA VIOLETA- TN06P,,Musical,https://www.oderco.com.br/media/catalog/product/cache/c5b0e6136a6dd7f7d91d8b889ed40f35/3/0/303453_1-17510495448917238.jpeg
CP303456,CORREIA TONANTE DE POLIPROPILENO LISA AZUL-CLARA - TN031P,,Musical,https://www.oderco.com.br/media/catalog/product/cache/c5b0e6136a6dd7f7d91d8b889ed40f35/3/0/303456_1-17510497854449071.jpeg
CP303472,CORREIA TONANTE DE POLIÉSTER DESIGN WOODSTOCK VERMELHA - TN11S,,Musical,https://www.oderco.com.br/media/catalog/product/cache/c5b0e6136a6dd7f7d91d8b889ed40f35/3/0/303472_1-17510503865329860.jpeg
CP303489,CORREIA TONANTE DE POLIÉSTER ANIMAL PRINT CHITA - TN09S,,Musical,https://www.oderco.com.br/media/catalog/product/cache/c5b0e6136a6dd7f7d91d8b889ed40f35/3/0/303489_1-17510505050882630.jpeg
CP303490,CORREIA TONANTE DE POLIÉSTER ANIMAL PRINT COBRA - TN09S,,Musical,https://www.oderco.com.br/media/catalog/product/cache/c5b0e6136a6dd7f7d91d8b889ed40f35/3/0/303490_-17510506271663693.jpeg
CP303493,CORREIA TONANTE DE POLIÉSTER ANIMAL PRINT TIGRE - TN09S,,Musical,https://www.oderco.com.br/media/catalog/product/cache/c5b0e6136a6dd7f7d91d8b889ed40f35/3/0/303493_-17510508085356723.jpeg
CP303506,CORREIA TONANTE DE POLIÉSTER ANIMAL PRINT VACA - TN09S,,Musical,https://www.oderco.com.br/media/catalog/product/cache/c5b0e6136a6dd7f7d91d8b889ed40f35/3/0/303506_1-17510507444664915.jpeg
CP303507,CORREIA TONANTE DE POLIÉSTER ESTAMPA FLORAL LARANJA - TN10S,,Musical,https://www.oderco.com.br/media/catalog/product/cache/c5b0e6136a6dd7f7d91d8b889ed40f35/3/0/303507_1-17510515846911976.jpeg
CP303508,CORREIA TONANTE DE POLIÉSTER ESTAMPA FLORAL ROSA - TN10S,,Musical,https://www.oderco.com.br/media/catalog/product/cache/c5b0e6136a6dd7f7d91d8b889ed40f35/3/0/303508_1-17510516524816332.jpeg
CP303509,CORREIA TONANTE DE POLIÉSTER ESTAMPA FLORAL VIOLETA - TN10S,,Musical,https://www.oderco.com.br/media/catalog/product/cache/c5b0e6136a6dd7f7d91d8b889ed40f35/3/0/303509_1-17510516987597580.jpeg
CP303510,CORREIA TONANTE DE POLIÉSTER ESTAMPA FLORAL BRANCA E PRETA - TN10S,,Musical,https://www.oderco.com.br/media/catalog/product/cache/c5b0e6136a6dd7f7d91d8b889ed40f35/3/0/303510_1-17510517774514117.jpeg
CP303571,CORREIA TONANTE DE COURO ARGENTINO COR PRETA -TN01C,,Musical,https://www.oderco.com.br/media/catalog/product/cache/c5b0e6136a6dd7f7d91d8b889ed40f35/3/0/303571_1-17510518269735458.jpeg
CP303572,CORREIA TONANTE DE COURO ARGENTINO COR MARROM - TN02C,,Musical,https://www.oderco.com.br/media/catalog/product/cache/c5b0e6136a6dd7f7d91d8b889ed40f35/3/0/303572_1-17510518891916846.jpeg
CP303622,CORREIA TONANTE DE COURO ARGENTINO COR AZUL-ESCURO - TN03C,,Musical,https://www.oderco.com.br/media/catalog/product/cache/c5b0e6136a6dd7f7d91d8b889ed40f35/3/0/303622_1-17510519470696200.jpeg
CP303624,CORREIA TONANTE DE COURO ARGENTINO COR VERDE MILITAR - TN051C,,Musical,https://www.oderco.com.br/media/catalog/product/cache/c5b0e6136a6dd7f7d91d8b889ed40f35/3/0/303624_1-17510519966317051.jpeg
CP303652,VIOLÃO ELÉTRICO JADE MINI 36&quot; - TAMPO EM SPRUCE - ACABAMENTO FOSCO - EQ 3 BANDAS- VTJM1954,,Musical,https://www.oderco.com.br/media/catalog/product/cache/c5b0e6136a6dd7f7d91d8b889ed40f35/3/0/303562-17601019297722082.jpeg
CP303655,CORREIA TONANTE DE COURO ARGENTINO COR CARAMELO- TN12C,,Musical,https://www.oderco.com.br/media/catalog/product/cache/c5b0e6136a6dd7f7d91d8b889ed40f35/3/0/303655_-17510520416651491.jpeg
CP303656,VIOLÃO ELÉTRICO MASAYA 41&quot; - TAMPO EM SPRUCE - ACABAMENTO FOSCO - EQ 3 BANDAS - TVMS1954,,Musical,https://www.oderco.com.br/media/catalog/product/cache/c5b0e6136a6dd7f7d91d8b889ed40f35/3/0/303656-17601040478759442.jpeg
CP303658,CORREIA TONANTE DE CAMURÇA ARGENTINA COR PRETA -TN01CA,,Musical,https://www.oderco.com.br/media/catalog/product/cache/c5b0e6136a6dd7f7d91d8b889ed40f35/3/0/303658_1-17510520925152157.jpeg
CP303659,CORREIA TONANTE DE CAMURÇA ARGENTINA COR MARROM - TN02CA,,Musical,https://www.oderco.com.br/media/catalog/product/cache/c5b0e6136a6dd7f7d91d8b889ed40f35/3/0/303659_1-17510521839201627.jpeg
CP303661,VIOLÃO CLÁSSICO ELETRO-ACÚSTICO LORENZZO 39&quot; - SLIM CUTAWAY - NYLON- SUNBURST- VTLSC1954SB,,Musical,https://www.oderco.com.br/media/catalog/product/cache/c5b0e6136a6dd7f7d91d8b889ed40f35/3/0/303661_1-17691716109475930.jpeg
CP303663,CORREIA TONANTE TALABARTE DE POLIPROPILENO COR PRETA- TN01T,,Musical,https://www.oderco.com.br/media/catalog/product/cache/c5b0e6136a6dd7f7d91d8b889ed40f35/3/0/303663_1-17510522306704028.jpeg
CP31350,UKULELE SOPRANO GUK-21 ZW ZEBRA,,Musical,https://www.oderco.com.br/media/catalog/product/cache/c5b0e6136a6dd7f7d91d8b889ed40f35/3/1/31350-17522877064491910.jpeg
CP31351,UKULELE CONCERTO GUK-23 WS SAPELE,,Musical,https://www.oderco.com.br/media/catalog/product/cache/c5b0e6136a6dd7f7d91d8b889ed40f35/3/1/31351-17458455072014652.jpeg
CP31352,UKULELE CONCERTO GUK-23 ZW ZEBRA,,Musical,https://www.oderco.com.br/media/catalog/product/cache/c5b0e6136a6dd7f7d91d8b889ed40f35/3/1/31352-17522686935888342.jpeg
CP31353,UKULELE SOPRANO UKS-21 NS NATURAL,,Musical,https://www.oderco.com.br/media/catalog/product/cache/c5b0e6136a6dd7f7d91d8b889ed40f35/3/1/31353-17523314915317577.jpeg
CP314787,VIOLA ELETROACÚSTICA TONANTE - NATURAL - VTN1954NE,,Musical,https://www.oderco.com.br/media/catalog/product/cache/c5b0e6136a6dd7f7d91d8b889ed40f35/3/1/314787_1-17693492338688925.jpeg
CP314791,VIOLA ACÚSTICA TONANTE- NATURAL - VTN1954N,,Musical,https://www.oderco.com.br/media/catalog/product/cache/c5b0e6136a6dd7f7d91d8b889ed40f35/3/1/314791_1-17692712428874405.jpeg
CP314824,VIOLA ELETROACÚSTICA TONANTE - BLACK - VTN1954BKE,,Musical,https://www.oderco.com.br/media/catalog/product/cache/c5b0e6136a6dd7f7d91d8b889ed40f35/3/1/314824_1-17693088323616088.jpeg
CP314826,VIOLA ACÚSTICA TONANTE - BLACK - VTN1954BK,,Musical,https://www.oderco.com.br/media/catalog/product/cache/c5b0e6136a6dd7f7d91d8b889ed40f35/3/1/314826_1-17693261760092628.jpeg
CP314827,CAVACO ELÉTRICO TONANTE - NATURAL - CTN1954NE,,Musical,https://www.oderco.com.br/media/catalog/product/cache/c5b0e6136a6dd7f7d91d8b889ed40f35/3/1/314827_1-17691726250833262.jpeg
CP314828,CAVACO ACÚSTICO TONANTE - NATURAL - CTN1954N,,Musical,https://www.oderco.com.br/media/catalog/product/cache/c5b0e6136a6dd7f7d91d8b889ed40f35/3/1/314828_-17691727384089153.jpeg
CP314830,CAVACO ELÉTRICO TONANTE - PRETO - CTN1954PE,,Musical,https://www.oderco.com.br/media/catalog/product/cache/c5b0e6136a6dd7f7d91d8b889ed40f35/3/1/314830_1-17691728390817499.jpeg
CP314831,CAVACO ACÚSTICO TONANTE - PRETO - CTN1954P,,Musical,https://www.oderco.com.br/media/catalog/product/cache/c5b0e6136a6dd7f7d91d8b889ed40f35/3/1/314831_1-17691729356873364.jpeg
CP314833,UKULELE SOPRANO - HAKA - MAHOGANY - USH1954M,,Musical,https://www.oderco.com.br/media/catalog/product/cache/c5b0e6136a6dd7f7d91d8b889ed40f35/3/1/314833-17692591430362710.jpeg
CP314834,UKULELE CONCERT - HAKA - MAHOGANY - UCH1954M,,Musical,https://www.oderco.com.br/media/catalog/product/cache/c5b0e6136a6dd7f7d91d8b889ed40f35/3/1/314834-17692600882486556.jpeg
CP314850,UKULELE SOPRANO - HAKA - KOA - USH1954K,,Musical,https://www.oderco.com.br/media/catalog/product/cache/c5b0e6136a6dd7f7d91d8b889ed40f35/3/1/314850-17693262784312119.jpeg
CP320127,KIT DE 7 MICROFONES PARA BATERIA SADRUM7,,Musical,https://www.oderco.com.br/media/catalog/product/cache/c5b0e6136a6dd7f7d91d8b889ed40f35/3/2/320127_3-17491297447224493.jpeg
CP320131,MICROFONE PRO UHF S/FIO DUPLO DE MAO SACLARITY-II,,Musical,https://www.oderco.com.br/media/catalog/product/cache/c5b0e6136a6dd7f7d91d8b889ed40f35/3/2/320131_1-17493168254213103.jpeg
CP320137,MICROFONE UHF DUPLO UF224,,Musical,https://www.oderco.com.br/media/catalog/product/cache/c5b0e6136a6dd7f7d91d8b889ed40f35/3/2/320137_1-17493303038668576.jpeg
CP32515,ANTI-FEEDBACK ABAFADOR VIOLAO FOLK BOCA REDONDA AFFK,,Musical,https://www.oderco.com.br/media/catalog/product/cache/c5b0e6136a6dd7f7d91d8b889ed40f35/3/2/32515-17459237286197861.jpeg
CP32516,ANTI-FEEDBACK ABAFADOR VIOLAO CLASSSICO BOCA REDONDA AFCL,,Musical,https://www.oderco.com.br/media/catalog/product/cache/c5b0e6136a6dd7f7d91d8b889ed40f35/3/2/32516-17460171746788185.jpeg
CP32517,ANTI-FEEDBACK ABAFADOR VIOLAO DE BOCA OVAL AFOV,,Musical,https://www.oderco.com.br/media/catalog/product/cache/c5b0e6136a6dd7f7d91d8b889ed40f35/3/2/32517-17459001808633468.jpeg
CP32563,ENCORDOAMENTO P/CAVACO C/BOLINHA GESCB,,Musical,https://www.oderco.com.br/media/catalog/product/cache/c5b0e6136a6dd7f7d91d8b889ed40f35/3/2/32563-17458348511256942.jpeg
CP328663,VIOLÃO CLÁSSICO ACÚSTICO NYLON TN39N NATURAL – TON,,Musical,https://www.oderco.com.br/media/catalog/product/cache/c5b0e6136a6dd7f7d91d8b889ed40f35/3/2/328663_1-17715118271743254.jpeg
CP328664,VIOLÃO CLÁSSICO ACÚSTICO NYLON TN39NB BROWN – TON,,Musical,https://www.oderco.com.br/media/catalog/product/cache/c5b0e6136a6dd7f7d91d8b889ed40f35/3/2/328664_1-17706909607789746.jpeg
CP328665,VIOLÃO CLÁSSICO ACÚSTICO NYLON TN39P PRETO – TON,,Musical,https://www.oderco.com.br/media/catalog/product/cache/c5b0e6136a6dd7f7d91d8b889ed40f35/3/2/328665_1-17706507254418513.jpeg
CP328666,VIOLÃO CLÁSSICO CUTAWAY COM EQ NYLON TN39NCE NATURAL – TON,,Musical,https://www.oderco.com.br/media/catalog/product/cache/c5b0e6136a6dd7f7d91d8b889ed40f35/3/2/328666-17706560169716879.jpeg
CP328667,VIOLÃO CLÁSSICO CUTAWAY COM EQ NYLON TN39NBCE BROWN – TON,,Musical,https://www.oderco.com.br/media/catalog/product/cache/c5b0e6136a6dd7f7d91d8b889ed40f35/3/2/328667_1-17710630262929039.jpeg
CP328671,VIOLÃO CLÁSSICO ACÚSTICO INFANTIL 3/4 NYLON TN36N NATURAL – TON,,Musical,https://www.oderco.com.br/media/catalog/product/cache/c5b0e6136a6dd7f7d91d8b889ed40f35/3/2/328671-17714456835354326.jpeg
CP328672,VIOLÃO CLÁSSICO ACÚSTICO INFANTIL 3/4 NYLON TN36P PRETO – TON,,Musical,https://www.oderco.com.br/media/catalog/product/cache/c5b0e6136a6dd7f7d91d8b889ed40f35/3/2/328671_-17706654255026292.jpeg
CP330516,SUPORTE PARA TECLADO EM X DESMONTÁVEL AJUSTÁVEL TNS1954D-1,,Musical,https://www.oderco.com.br/media/catalog/product/cache/c5b0e6136a6dd7f7d91d8b889ed40f35/3/3/330516-17715115799083421.jpeg
CP330543,SUPORTE TRIPÉ PARA CAIXA DE SOM AJUSTÁVEL TNT1954-1,,Musical,https://www.oderco.com.br/media/catalog/product/cache/c5b0e6136a6dd7f7d91d8b889ed40f35/3/3/330543-17715116245403064.jpeg
CP330553,SUPORTE DUPLO PARA TECLADO EM X DESMONTÁVEL TNS1954D-2,,Musical,https://www.oderco.com.br/media/catalog/product/cache/c5b0e6136a6dd7f7d91d8b889ed40f35/3/3/330553-17715116654345948.jpeg
CP330641,BANQUETA PARA PIANO ESTOFADA PRETA - TN1954BP-1,,Musical,https://www.oderco.com.br/media/catalog/product/cache/c5b0e6136a6dd7f7d91d8b889ed40f35/3/3/330641-17715117116978257.jpeg
CP330672,BANQUETA PARA TECLADO MUSICAL DOBRÁVEL PRETA&nbsp; - TN1954BT-1,,Musical,https://www.oderco.com.br/media/catalog/product/cache/c5b0e6136a6dd7f7d91d8b889ed40f35/3/3/330672-17715117420645043.jpeg
CP330674,"SUPORTE DE CHÃO PARA VIOLÃO, BAIXO E GUITARRA COM TRAVA TNS1954-12",,Musical,https://www.oderco.com.br/media/catalog/product/cache/c5b0e6136a6dd7f7d91d8b889ed40f35/3/3/330674-17715117783793699.jpeg
CP33697,TECLADO MUSICAL CASIOTONE VERMELHO - CT-S200RDC2-BR,,Musical,https://www.oderco.com.br/media/catalog/product/cache/c5b0e6136a6dd7f7d91d8b889ed40f35/3/3/33697-17522380235431762.jpeg
CP33698,TECLADO MUSICAL CASIOTONE PRETO - CT-S300C2-BR,,Musical,https://www.oderco.com.br/media/catalog/product/cache/c5b0e6136a6dd7f7d91d8b889ed40f35/3/3/33698-17510322186809476.jpeg
CP338666,CAPOTRASTE PARA VIOLÃO EM ALUMÍNIO - PRATA - CPT-30,,Musical,https://www.oderco.com.br/media/catalog/product/cache/c5b0e6136a6dd7f7d91d8b889ed40f35/3/3/338666_1-17773826474786195.jpeg
CP338667,CAPOTRASTE PARA VIOLÃO EM ALUMÍNIO - PRETO - CPT-30,,Musical,https://www.oderco.com.br/media/catalog/product/cache/c5b0e6136a6dd7f7d91d8b889ed40f35/3/3/338667_-17773826708619782.jpeg
CP34160,AFINADOR CROMATICO DIGITAL AF10 PRETO,,Musical,https://www.oderco.com.br/media/catalog/product/cache/c5b0e6136a6dd7f7d91d8b889ed40f35/3/4/34160-17522531913581922.jpeg
CP342288,ENCORDOAMENTO 010 AÇO BRONZE 85 15 P/VIOLÃO 0.010 - 0.047 - PACK (C/3) - TNVA10B853,,Musical,https://www.oderco.com.br/media/catalog/product/cache/c5b0e6136a6dd7f7d91d8b889ed40f35/3/4/342288_1-17734961058253226.jpeg
CP342290,ENCORDOAMENTO 010 NÍQUEL PLATED STEEL P/GUITARRA 0.010 - 0.046 - PACK (C/3) - TNGE10N3,,Musical,https://www.oderco.com.br/media/catalog/product/cache/c5b0e6136a6dd7f7d91d8b889ed40f35/3/4/342290_1-17734961285921725.jpeg
CP342291,ENCORDOAMENTO UKULELE SOPRANO NYLON WHITE .023 .032 .037 .028 - TNUKSNW,,Musical,https://www.oderco.com.br/media/catalog/product/cache/c5b0e6136a6dd7f7d91d8b889ed40f35/3/4/342291_1-17734961521016850.jpeg
CP342292,ENCORDOAMENTO UKULELE CONCERT WHITE NYLON .024 .032 .038 .028 - TNUKCNW,,Musical,https://www.oderco.com.br/media/catalog/product/cache/c5b0e6136a6dd7f7d91d8b889ed40f35/3/4/342292_1-17734961755057606.jpeg
CP342294,ENCORDOAMENTO VIOLA CAIPIRA MÉDIA NÍQUEL COM BOLINHA CEBOLAO RÉ - TNVNR,,Musical,https://www.oderco.com.br/media/catalog/product/cache/c5b0e6136a6dd7f7d91d8b889ed40f35/3/4/342294_1-17734961988487960.jpeg
CP342295,ENCORDOAMENTO VIOLA CAIPIRA LEVE NÍQUEL COM BOLINHA CEBOLAO MI - TNVNM,,Musical,https://www.oderco.com.br/media/catalog/product/cache/c5b0e6136a6dd7f7d91d8b889ed40f35/3/4/342295_1-17734962222599730.jpeg
CP34236,AFINADOR CROMATICO DIGITAL AF10 AZUL,,Musical,https://www.oderco.com.br/media/catalog/product/cache/c5b0e6136a6dd7f7d91d8b889ed40f35/3/4/34236-17522656450145170.jpeg
CP34237,AFINADOR CROMATICO DIGITAL AF10 VERMELHO,,Musical,https://www.oderco.com.br/media/catalog/product/cache/c5b0e6136a6dd7f7d91d8b889ed40f35/3/4/34237-17523016710621689.jpeg
CP34238,AFINADOR CROMATICO DIGITAL AF10 BRANCO,,Musical,https://www.oderco.com.br/media/catalog/product/cache/c5b0e6136a6dd7f7d91d8b889ed40f35/3/4/34238-17523015964855195.jpeg
CP34578,VIOLAO TONANTE ACÚSTICO INFANTIL NYLON 34&quot; (1/2) - TN34 NATURAL,,Musical,https://www.oderco.com.br/media/catalog/product/cache/c5b0e6136a6dd7f7d91d8b889ed40f35/3/4/34578_2-17459257445047516.jpeg
CP34582,VIOLAO TONANTE ACÚSTICO NYLON ESTUDO - TNA39 PRETO,,Musical,https://www.oderco.com.br/media/catalog/product/cache/c5b0e6136a6dd7f7d91d8b889ed40f35/3/4/34582-17522621963484168.jpeg
CP352800,POLIDOR CREME RESTORE D'ADDARIO - PWPL-01,,Musical,https://www.oderco.com.br/media/catalog/product/cache/c5b0e6136a6dd7f7d91d8b889ed40f35/3/5/352800_1-17648493815847936.jpeg
CP352804,CERA LIQUIDA PROTETORA DE CARNAUBA D'ADDARIO - PW-PL-02,,Musical,https://www.oderco.com.br/media/catalog/product/cache/c5b0e6136a6dd7f7d91d8b889ed40f35/3/5/352804_1-17648494161855651.jpeg
CP352805,CONDICIONADOR HIDRATANTE PARA ESCALAS D'ADDARIO - PW-FBC,,Musical,https://www.oderco.com.br/media/catalog/product/cache/c5b0e6136a6dd7f7d91d8b889ed40f35/3/5/352805_1-17621818172457670.jpeg
CP352813,POLIDOR SPRAY SHINE D'ADDARIO - PW-PL03,,Musical,https://www.oderco.com.br/media/catalog/product/cache/c5b0e6136a6dd7f7d91d8b889ed40f35/3/5/352813_1-17648494554714414.jpeg
CP352833,ÓLEO DE LIMÃO PARA LIMPEZA D'ADDARIO - PW-LMN,,Musical,https://www.oderco.com.br/media/catalog/product/cache/c5b0e6136a6dd7f7d91d8b889ed40f35/3/5/352833_1-17621817720784471.jpeg
CP355802,VIOLÃO CLÁSSICO ACÚSTICO LORENZZO 39&quot; - NYLON - SUNBURST - VTL1954SB,,Musical,https://www.oderco.com.br/media/catalog/product/cache/c5b0e6136a6dd7f7d91d8b889ed40f35/3/5/355802_1-17798893654568500.jpeg
CP357159,VIOLÃO AÇO ELETROACÚSTICO PERFORMANCE GDC-1 CEQ COLOR TOP BLUE (CTB),,Musical,https://www.oderco.com.br/media/catalog/product/cache/c5b0e6136a6dd7f7d91d8b889ed40f35/3/5/357159_1-17678224568006415.jpeg
CP357160,VIOLÃO AÇO ELETROACÚSTICO PERFORMANCE GDC-1 CEQ COLOR TOP BLACK (CTBK),,Musical,https://www.oderco.com.br/media/catalog/product/cache/c5b0e6136a6dd7f7d91d8b889ed40f35/3/5/357160_1-17677966635888053.jpeg
CP35892,CAPOTRASTE PARA VIOLAO EM ALUMÍNIO - PRATA - CPT10,,Musical,https://www.oderco.com.br/media/catalog/product/cache/c5b0e6136a6dd7f7d91d8b889ed40f35/1/-/1-17458696672894743.jpeg
CP35895,CAPOTRASTE PARA VIOLAO EM ALUMÍNIO - PRETO - CPT10,,Musical,https://www.oderco.com.br/media/catalog/product/cache/c5b0e6136a6dd7f7d91d8b889ed40f35/1/-/1-17522997159603437.jpeg
CP35896,CAPOTRASTE PARA VIOLAO EM LIGA DE ZINCO - PRETO - CPT20,,Musical,https://www.oderco.com.br/media/catalog/product/cache/c5b0e6136a6dd7f7d91d8b889ed40f35/1/-/1-17459253901688909.jpeg
CP360326,GUITARRA ELÉTRICA TONANTE - EDIÇÃO 70 ANIVERSÁRIO - SATIN BLACK - TN70THBK,,Musical,https://www.oderco.com.br/media/catalog/product/cache/c5b0e6136a6dd7f7d91d8b889ed40f35/3/6/360326_-17783068717248056.jpeg
CP360327,GUITARRA ELÉTRICA TONANTE - EDIÇÃO 70 ANIVERSÁRIO - METALLIC BLUE - TN70THMB,,Musical,https://www.oderco.com.br/media/catalog/product/cache/c5b0e6136a6dd7f7d91d8b889ed40f35/3/6/360327_-17783068254208289.jpeg
CP360331,GUITARRA ELÉTRICA TONANTE - EDIÇÃO 70 ANIVERSÁRIO - OLYMPIC WHITE - TN70THOW,,Musical,https://www.oderco.com.br/media/catalog/product/cache/c5b0e6136a6dd7f7d91d8b889ed40f35/3/6/360331_1-17783069090081006.jpeg
CP36758,VIOLÃO ELÉTRICO ÁGATA 40&quot;- CUTAWAY - NATURAL - EQ 3 BANDAS - ACTNA1954,,Musical,https://www.oderco.com.br/media/catalog/product/cache/c5b0e6136a6dd7f7d91d8b889ed40f35/3/6/36758-17522568871905769.jpeg
CP36759,VIOLÃO ELÉTRICO JADE 41&quot; - NATURAL - EQ 3 BANDAS - ACTNJ1954,,Musical,https://www.oderco.com.br/media/catalog/product/cache/c5b0e6136a6dd7f7d91d8b889ed40f35/3/6/36759-17523524803061187.jpeg
CP36760,VIOLÃO ELÉTRICO AMETISTA 41&quot; - TOBACCO - EQ 3 BANDAS - ACTNAB1954,,Musical,https://www.oderco.com.br/media/catalog/product/cache/c5b0e6136a6dd7f7d91d8b889ed40f35/3/6/36760-17523571405014983.jpeg
CP37641,MICROFONE COM CABO USB PODCAST-400U PRETO,,Musical,https://www.oderco.com.br/media/catalog/product/cache/c5b0e6136a6dd7f7d91d8b889ed40f35/3/7/37641-17523305064321759.jpeg
