sku,numero_imagem,cdn,fonte
CP17418,1,https://www.oderco.com.br/media/catalog/product/cache/c5b0e6136a6dd7f7d91d8b889ed40f35/1/7/17418_2-17459223422141673.jpeg,Listagem (imagem principal)
CP18569,1,https://www.oderco.com.br/media/catalog/product/cache/c5b0e6136a6dd7f7d91d8b889ed40f35/1/8/18569.jpg-17460175467907563.jpeg,Listagem (imagem principal)
CP27759,1,https://www.oderco.com.br/media/catalog/product/cache/c5b0e6136a6dd7f7d91d8b889ed40f35/2/7/27759-17460173074465728.jpeg,Listagem (imagem principal)
CP28463,1,https://www.oderco.com.br/media/catalog/product/cache/c5b0e6136a6dd7f7d91d8b889ed40f35/2/8/28463_1-17587373213956392.jpeg,Listagem (imagem principal)
CP29039,1,https://www.oderco.com.br/media/catalog/product/cache/c5b0e6136a6dd7f7d91d8b889ed40f35/2/9/29039-17460172732108806.jpeg,Listagem (imagem principal)
CP29040,1,https://www.oderco.com.br/media/catalog/product/cache/c5b0e6136a6dd7f7d91d8b889ed40f35/2/9/29040-17458228270786678.jpeg,Listagem (imagem principal)
CP111613,1,https://www.oderco.com.br/media/catalog/product/cache/c5b0e6136a6dd7f7d91d8b889ed40f35/1/1/111613_1-17522907229355352.jpeg,Listagem (imagem principal)
CP111616,1,https://www.oderco.com.br/media/catalog/product/cache/c5b0e6136a6dd7f7d91d8b889ed40f35/1/1/111616_-17774682560112308.jpeg,Listagem (imagem principal)
CP111630,1,https://www.oderco.com.br/media/catalog/product/cache/c5b0e6136a6dd7f7d91d8b889ed40f35/1/1/111630_1-17774819634096250.jpeg,Listagem (imagem principal)
CP31353,1,https://www.oderco.com.br/media/catalog/product/cache/c5b0e6136a6dd7f7d91d8b889ed40f35/3/1/31353-17523314915317577.jpeg,Listagem (imagem principal)
CP29442,1,https://www.oderco.com.br/media/catalog/product/cache/c5b0e6136a6dd7f7d91d8b889ed40f35/2/9/29442-17459255409714100.jpeg,Listagem (imagem principal)
CP193101,1,https://www.oderco.com.br/media/catalog/product/cache/c5b0e6136a6dd7f7d91d8b889ed40f35/1/9/193101-17523399793398010.jpeg,Listagem (imagem principal)
CP195081,1,https://www.oderco.com.br/media/catalog/product/cache/c5b0e6136a6dd7f7d91d8b889ed40f35/1/9/195081_2-17458511815431511.jpeg,Listagem (imagem principal)
CP152259,1,https://www.oderco.com.br/media/catalog/product/cache/c5b0e6136a6dd7f7d91d8b889ed40f35/1/5/152259-17458629760564369.jpeg,Listagem (imagem principal)
CP152276,1,https://www.oderco.com.br/media/catalog/product/cache/c5b0e6136a6dd7f7d91d8b889ed40f35/1/5/152276-17458438836352559.jpeg,Listagem (imagem principal)
CP29441,1,https://www.oderco.com.br/media/catalog/product/cache/c5b0e6136a6dd7f7d91d8b889ed40f35/2/9/29441-17459045229614227.jpeg,Listagem (imagem principal)
CP35896,1,https://www.oderco.com.br/media/catalog/product/cache/c5b0e6136a6dd7f7d91d8b889ed40f35/1/-/1-17459253901688909.jpeg,Listagem (imagem principal)
CP108189,1,https://www.oderco.com.br/media/catalog/product/cache/c5b0e6136a6dd7f7d91d8b889ed40f35/1/0/108189_1-17459144899983650.jpeg,Listagem (imagem principal)
CP112362,1,https://www.oderco.com.br/media/catalog/product/cache/c5b0e6136a6dd7f7d91d8b889ed40f35/1/1/112362-17459262031402442.jpeg,Listagem (imagem principal)
CP108168,1,https://www.oderco.com.br/media/catalog/product/cache/c5b0e6136a6dd7f7d91d8b889ed40f35/1/0/108168_1-17680522492235093.jpeg,Listagem (imagem principal)
CP11706,1,https://www.oderco.com.br/media/catalog/product/cache/c5b0e6136a6dd7f7d91d8b889ed40f35/1/1/11706.jpg-17523313462302649.jpeg,Listagem (imagem principal)
CP22171,1,https://www.oderco.com.br/media/catalog/product/cache/c5b0e6136a6dd7f7d91d8b889ed40f35/2/2/22171.jpg-17523395007519935.jpeg,Listagem (imagem principal)
CP23175,1,https://www.oderco.com.br/media/catalog/product/cache/c5b0e6136a6dd7f7d91d8b889ed40f35/2/3/23175.jpg-17459113365166824.jpeg,Listagem (imagem principal)
CP146109,1,https://www.oderco.com.br/media/catalog/product/cache/c5b0e6136a6dd7f7d91d8b889ed40f35/1/4/146109-17523709938482355.jpeg,Listagem (imagem principal)
CP28778,1,https://www.oderco.com.br/media/catalog/product/cache/c5b0e6136a6dd7f7d91d8b889ed40f35/2/8/28778-17523238807972305.jpeg,Listagem (imagem principal)
CP11008,1,https://www.oderco.com.br/media/catalog/product/cache/c5b0e6136a6dd7f7d91d8b889ed40f35/1/1/11008.jpg-17460176305482622.jpeg,Listagem (imagem principal)
17415,1,https://www.oderco.com.br/media/catalog/product/cache/c5b0e6136a6dd7f7d91d8b889ed40f35/1/7/174151780914735.jpg,Listagem (imagem principal)
CP17415,1,https://www.oderco.com.br/media/catalog/product/cache/c5b0e6136a6dd7f7d91d8b889ed40f35/1/7/17415.jpg-17458886356477024.jpeg,Listagem (imagem principal)
CP17416,1,https://www.oderco.com.br/media/catalog/product/cache/c5b0e6136a6dd7f7d91d8b889ed40f35/1/7/17416.jpg-17460175670737556.jpeg,Listagem (imagem principal)
CP18591,1,https://www.oderco.com.br/media/catalog/product/cache/c5b0e6136a6dd7f7d91d8b889ed40f35/1/8/18591.jpg-17458368755831633.jpeg,Listagem (imagem principal)
CP22169,1,https://www.oderco.com.br/media/catalog/product/cache/c5b0e6136a6dd7f7d91d8b889ed40f35/2/2/22169_1-17480114599803745.jpeg,Listagem (imagem principal)
CP106947,1,https://www.oderco.com.br/media/catalog/product/cache/c5b0e6136a6dd7f7d91d8b889ed40f35/1/0/106947-17523431730061566.jpeg,Listagem (imagem principal)
CP106945,1,https://www.oderco.com.br/media/catalog/product/cache/c5b0e6136a6dd7f7d91d8b889ed40f35/1/0/106945_3-17458116913004011.jpeg,Listagem (imagem principal)
CP111646,1,https://www.oderco.com.br/media/catalog/product/cache/c5b0e6136a6dd7f7d91d8b889ed40f35/1/1/111646-17523286356236629.jpeg,Listagem (imagem principal)
CP111645,1,https://www.oderco.com.br/media/catalog/product/cache/c5b0e6136a6dd7f7d91d8b889ed40f35/1/1/111645-17523725954076509.jpeg,Listagem (imagem principal)
CP111647,1,https://www.oderco.com.br/media/catalog/product/cache/c5b0e6136a6dd7f7d91d8b889ed40f35/1/1/111647-17522981473449179.jpeg,Listagem (imagem principal)
CP112220,1,https://www.oderco.com.br/media/catalog/product/cache/c5b0e6136a6dd7f7d91d8b889ed40f35/1/1/112220_2-17458647598892637.jpeg,Listagem (imagem principal)
CP32517,1,https://www.oderco.com.br/media/catalog/product/cache/c5b0e6136a6dd7f7d91d8b889ed40f35/3/2/32517-17459001808633468.jpeg,Listagem (imagem principal)
CP29056,1,https://www.oderco.com.br/media/catalog/product/cache/c5b0e6136a6dd7f7d91d8b889ed40f35/2/9/29056-17522879776268390.jpeg,Listagem (imagem principal)
CP29581,1,https://www.oderco.com.br/media/catalog/product/cache/c5b0e6136a6dd7f7d91d8b889ed40f35/2/9/29581-1-17707778359919208.png,Listagem (imagem principal)
CP108169,1,https://www.oderco.com.br/media/catalog/product/cache/c5b0e6136a6dd7f7d91d8b889ed40f35/1/0/108169_1-17680523300367888.jpeg,Listagem (imagem principal)
CP25417,1,https://www.oderco.com.br/media/catalog/product/cache/c5b0e6136a6dd7f7d91d8b889ed40f35/2/5/25417-17458472193001700.jpeg,Listagem (imagem principal)
CP25422,1,https://www.oderco.com.br/media/catalog/product/cache/c5b0e6136a6dd7f7d91d8b889ed40f35/2/5/25422-17460173820938679.jpeg,Listagem (imagem principal)
CP29096,1,https://www.oderco.com.br/media/catalog/product/cache/c5b0e6136a6dd7f7d91d8b889ed40f35/2/9/29096-17460172576404085.jpeg,Listagem (imagem principal)
CP32563,1,https://www.oderco.com.br/media/catalog/product/cache/c5b0e6136a6dd7f7d91d8b889ed40f35/3/2/32563-17458348511256942.jpeg,Listagem (imagem principal)
CP106943,1,https://www.oderco.com.br/media/catalog/product/cache/c5b0e6136a6dd7f7d91d8b889ed40f35/1/0/106943-17522519523585391.jpeg,Listagem (imagem principal)
CP152324,1,https://www.oderco.com.br/media/catalog/product/cache/c5b0e6136a6dd7f7d91d8b889ed40f35/1/5/152324-17458522658976617.jpeg,Listagem (imagem principal)
CP112213,1,https://www.oderco.com.br/media/catalog/product/cache/c5b0e6136a6dd7f7d91d8b889ed40f35/1/1/112213-17523500660374203.jpeg,Listagem (imagem principal)
CP152280,1,https://www.oderco.com.br/media/catalog/product/cache/c5b0e6136a6dd7f7d91d8b889ed40f35/1/5/152280_3-17458928618705847.jpeg,Listagem (imagem principal)
CP35892,1,https://www.oderco.com.br/media/catalog/product/cache/c5b0e6136a6dd7f7d91d8b889ed40f35/1/-/1-17458696672894743.jpeg,Listagem (imagem principal)
CP34238,1,https://www.oderco.com.br/media/catalog/product/cache/c5b0e6136a6dd7f7d91d8b889ed40f35/3/4/34238-17523015964855195.jpeg,Listagem (imagem principal)
CP36760,1,https://www.oderco.com.br/media/catalog/product/cache/c5b0e6136a6dd7f7d91d8b889ed40f35/3/6/36760-17523571405014983.jpeg,Listagem (imagem principal)
CP108174,1,https://www.oderco.com.br/media/catalog/product/cache/c5b0e6136a6dd7f7d91d8b889ed40f35/1/0/108174_1-17679922300566559.jpeg,Listagem (imagem principal)
CP28997,1,https://www.oderco.com.br/media/catalog/product/cache/c5b0e6136a6dd7f7d91d8b889ed40f35/2/8/28997-17539630769207113.jpeg,Listagem (imagem principal)
CP31350,1,https://www.oderco.com.br/media/catalog/product/cache/c5b0e6136a6dd7f7d91d8b889ed40f35/3/1/31350-17522877064491910.jpeg,Listagem (imagem principal)
CP152260,1,https://www.oderco.com.br/media/catalog/product/cache/c5b0e6136a6dd7f7d91d8b889ed40f35/1/5/152260-17458693297278892.jpeg,Listagem (imagem principal)
CP152277,1,https://www.oderco.com.br/media/catalog/product/cache/c5b0e6136a6dd7f7d91d8b889ed40f35/1/5/152277_1-17458299597156385.jpeg,Listagem (imagem principal)
CP2323,1,https://www.oderco.com.br/media/catalog/product/cache/c5b0e6136a6dd7f7d91d8b889ed40f35/2/3/2323-17457546825968998.jpeg,Listagem (imagem principal)
CP2324,1,https://www.oderco.com.br/media/catalog/product/cache/c5b0e6136a6dd7f7d91d8b889ed40f35/2/3/2324-17460177147754550.jpeg,Listagem (imagem principal)
CP146108,1,https://www.oderco.com.br/media/catalog/product/cache/c5b0e6136a6dd7f7d91d8b889ed40f35/1/4/146108-17459061237573801.jpeg,Listagem (imagem principal)
CP152264,1,https://www.oderco.com.br/media/catalog/product/cache/c5b0e6136a6dd7f7d91d8b889ed40f35/1/5/152264-17458916992041633.jpeg,Listagem (imagem principal)
CP152268,1,https://www.oderco.com.br/media/catalog/product/cache/c5b0e6136a6dd7f7d91d8b889ed40f35/1/5/152268-17458725957963934.jpeg,Listagem (imagem principal)
CP11002,1,https://www.oderco.com.br/media/catalog/product/cache/c5b0e6136a6dd7f7d91d8b889ed40f35/1/1/11002.jpg-17459198268275043.jpeg,Listagem (imagem principal)
CP18568,1,https://www.oderco.com.br/media/catalog/product/cache/c5b0e6136a6dd7f7d91d8b889ed40f35/1/8/18568.jpg-17458843227533971.jpeg,Listagem (imagem principal)
CP23608,1,https://www.oderco.com.br/media/catalog/product/cache/c5b0e6136a6dd7f7d91d8b889ed40f35/2/3/23608.jpg-17459004968496374.jpeg,Listagem (imagem principal)
CP25415,1,https://www.oderco.com.br/media/catalog/product/cache/c5b0e6136a6dd7f7d91d8b889ed40f35/2/5/25415_1-17551166609139939.png,Listagem (imagem principal)
CP29033,1,https://www.oderco.com.br/media/catalog/product/cache/c5b0e6136a6dd7f7d91d8b889ed40f35/2/9/29033-1-17683257513625501.png,Listagem (imagem principal)
CP29038,1,https://www.oderco.com.br/media/catalog/product/cache/c5b0e6136a6dd7f7d91d8b889ed40f35/2/9/29038-17458341002875961.jpeg,Listagem (imagem principal)
CP29438,1,https://www.oderco.com.br/media/catalog/product/cache/c5b0e6136a6dd7f7d91d8b889ed40f35/2/9/29438-17458657133267478.jpeg,Listagem (imagem principal)
CP106944,1,https://www.oderco.com.br/media/catalog/product/cache/c5b0e6136a6dd7f7d91d8b889ed40f35/1/0/106944-17522514183928029.jpeg,Listagem (imagem principal)
CP2322,1,https://www.oderco.com.br/media/catalog/product/cache/c5b0e6136a6dd7f7d91d8b889ed40f35/2/3/2322_1-17551166325417073.png,Listagem (imagem principal)
CP1403,1,https://www.oderco.com.br/media/catalog/product/cache/c5b0e6136a6dd7f7d91d8b889ed40f35/1/4/1403-1-17484544833202985.jpeg,Listagem (imagem principal)
CP2321,1,https://www.oderco.com.br/media/catalog/product/cache/c5b0e6136a6dd7f7d91d8b889ed40f35/2/3/2321_1-17551165977171574.png,Listagem (imagem principal)
CP18789,1,https://www.oderco.com.br/media/catalog/product/cache/c5b0e6136a6dd7f7d91d8b889ed40f35/1/8/18789.jpg-17523582192987850.jpeg,Listagem (imagem principal)
CP22426,1,https://www.oderco.com.br/media/catalog/product/cache/c5b0e6136a6dd7f7d91d8b889ed40f35/2/2/22426_1.jpg-17522752639264211.jpeg,Listagem (imagem principal)
CP25424,1,https://www.oderco.com.br/media/catalog/product/cache/c5b0e6136a6dd7f7d91d8b889ed40f35/2/5/25424-17457930065039355.jpeg,Listagem (imagem principal)
CP25425,1,https://www.oderco.com.br/media/catalog/product/cache/c5b0e6136a6dd7f7d91d8b889ed40f35/2/5/25425.jpg-17459152659418611.jpeg,Listagem (imagem principal)
CP106936,1,https://www.oderco.com.br/media/catalog/product/cache/c5b0e6136a6dd7f7d91d8b889ed40f35/1/0/106936-17522920464015416.jpeg,Listagem (imagem principal)
CP108186,1,https://www.oderco.com.br/media/catalog/product/cache/c5b0e6136a6dd7f7d91d8b889ed40f35/1/0/108186_1-17691781042869388.jpeg,Listagem (imagem principal)
CP111578,1,https://www.oderco.com.br/media/catalog/product/cache/c5b0e6136a6dd7f7d91d8b889ed40f35/1/1/111578_-17679923063815163.jpeg,Listagem (imagem principal)
CP111644,1,https://www.oderco.com.br/media/catalog/product/cache/c5b0e6136a6dd7f7d91d8b889ed40f35/1/1/111644-17522908245393531.jpeg,Listagem (imagem principal)
CP146110,1,https://www.oderco.com.br/media/catalog/product/cache/c5b0e6136a6dd7f7d91d8b889ed40f35/1/4/146110-17522530403104114.jpeg,Listagem (imagem principal)
CP18566,1,https://www.oderco.com.br/media/catalog/product/cache/c5b0e6136a6dd7f7d91d8b889ed40f35/1/8/18566.jpg-17458371989119780.jpeg,Listagem (imagem principal)
CP19065,1,https://www.oderco.com.br/media/catalog/product/cache/c5b0e6136a6dd7f7d91d8b889ed40f35/1/9/19065.jpg-17460175121472345.jpeg,Listagem (imagem principal)
CP25419,1,https://www.oderco.com.br/media/catalog/product/cache/c5b0e6136a6dd7f7d91d8b889ed40f35/2/5/25419-17459203436056562.jpeg,Listagem (imagem principal)
CP25421,1,https://www.oderco.com.br/media/catalog/product/cache/c5b0e6136a6dd7f7d91d8b889ed40f35/2/5/25421-17460173874314202.jpeg,Listagem (imagem principal)
CP27752,1,https://www.oderco.com.br/media/catalog/product/cache/c5b0e6136a6dd7f7d91d8b889ed40f35/2/7/27752-17460173238325331.jpeg,Listagem (imagem principal)
CP29035,1,https://www.oderco.com.br/media/catalog/product/cache/c5b0e6136a6dd7f7d91d8b889ed40f35/2/9/29035-1-17683257903503315.png,Listagem (imagem principal)
CP29440,1,https://www.oderco.com.br/media/catalog/product/cache/c5b0e6136a6dd7f7d91d8b889ed40f35/2/9/29440-17458496461946713.jpeg,Listagem (imagem principal)
CP106942,1,https://www.oderco.com.br/media/catalog/product/cache/c5b0e6136a6dd7f7d91d8b889ed40f35/1/0/106942-17522545549759688.jpeg,Listagem (imagem principal)
CP108184,1,https://www.oderco.com.br/media/catalog/product/cache/c5b0e6136a6dd7f7d91d8b889ed40f35/1/0/108184_1-17692867433513200.jpeg,Listagem (imagem principal)
CP108187,1,https://www.oderco.com.br/media/catalog/product/cache/c5b0e6136a6dd7f7d91d8b889ed40f35/1/0/108187_1-17458610515934347.jpeg,Listagem (imagem principal)
CP111649,1,https://www.oderco.com.br/media/catalog/product/cache/c5b0e6136a6dd7f7d91d8b889ed40f35/1/1/111649-17523723615448329.jpeg,Listagem (imagem principal)
CP111631,1,https://www.oderco.com.br/media/catalog/product/cache/c5b0e6136a6dd7f7d91d8b889ed40f35/1/1/111631_1-17774820006368463.jpeg,Listagem (imagem principal)
CP36758,1,https://www.oderco.com.br/media/catalog/product/cache/c5b0e6136a6dd7f7d91d8b889ed40f35/3/6/36758-17522568871905769.jpeg,Listagem (imagem principal)
CP112214,1,https://www.oderco.com.br/media/catalog/product/cache/c5b0e6136a6dd7f7d91d8b889ed40f35/1/1/112214-17523569234116658.jpeg,Listagem (imagem principal)
CP34237,1,https://www.oderco.com.br/media/catalog/product/cache/c5b0e6136a6dd7f7d91d8b889ed40f35/3/4/34237-17523016710621689.jpeg,Listagem (imagem principal)
CP32516,1,https://www.oderco.com.br/media/catalog/product/cache/c5b0e6136a6dd7f7d91d8b889ed40f35/3/2/32516-17460171746788185.jpeg,Listagem (imagem principal)
CP34160,1,https://www.oderco.com.br/media/catalog/product/cache/c5b0e6136a6dd7f7d91d8b889ed40f35/3/4/34160-17522531913581922.jpeg,Listagem (imagem principal)
CP108171,1,https://www.oderco.com.br/media/catalog/product/cache/c5b0e6136a6dd7f7d91d8b889ed40f35/1/0/108171_1-17680524093678353.jpeg,Listagem (imagem principal)
CP152272,1,https://www.oderco.com.br/media/catalog/product/cache/c5b0e6136a6dd7f7d91d8b889ed40f35/1/5/152272-17459172713903504.jpeg,Listagem (imagem principal)
CP152269,1,https://www.oderco.com.br/media/catalog/product/cache/c5b0e6136a6dd7f7d91d8b889ed40f35/1/5/152269_2-17458614645401589.jpeg,Listagem (imagem principal)
CP152275,1,https://www.oderco.com.br/media/catalog/product/cache/c5b0e6136a6dd7f7d91d8b889ed40f35/1/5/152275_2-17458148519187147.jpeg,Listagem (imagem principal)
CP106949,1,https://www.oderco.com.br/media/catalog/product/cache/c5b0e6136a6dd7f7d91d8b889ed40f35/1/0/106949-17523362357634390.jpeg,Listagem (imagem principal)
CP34236,1,https://www.oderco.com.br/media/catalog/product/cache/c5b0e6136a6dd7f7d91d8b889ed40f35/3/4/34236-17522656450145170.jpeg,Listagem (imagem principal)
CP32515,1,https://www.oderco.com.br/media/catalog/product/cache/c5b0e6136a6dd7f7d91d8b889ed40f35/3/2/32515-17459237286197861.jpeg,Listagem (imagem principal)
CP28568,1,https://www.oderco.com.br/media/catalog/product/cache/c5b0e6136a6dd7f7d91d8b889ed40f35/2/8/28568-17522937053434790.jpeg,Listagem (imagem principal)
CP111614,1,https://www.oderco.com.br/media/catalog/product/cache/c5b0e6136a6dd7f7d91d8b889ed40f35/1/1/111614_1-17496758262554069.jpeg,Listagem (imagem principal)
CP112218,1,https://www.oderco.com.br/media/catalog/product/cache/c5b0e6136a6dd7f7d91d8b889ed40f35/1/1/112218-17522509662142752.jpeg,Listagem (imagem principal)
CP28102,1,https://www.oderco.com.br/media/catalog/product/cache/c5b0e6136a6dd7f7d91d8b889ed40f35/2/8/28102-17458588494637857.jpeg,Listagem (imagem principal)
CP31351,1,https://www.oderco.com.br/media/catalog/product/cache/c5b0e6136a6dd7f7d91d8b889ed40f35/3/1/31351-17458455072014652.jpeg,Listagem (imagem principal)
29570,1,https://www.oderco.com.br/media/catalog/product/cache/c5b0e6136a6dd7f7d91d8b889ed40f35/2/9/295701780914739.jpg,Listagem (imagem principal)
CP29570,1,https://www.oderco.com.br/media/catalog/product/cache/c5b0e6136a6dd7f7d91d8b889ed40f35/2/9/29570_2-17459181526727946.jpeg,Listagem (imagem principal)
CP143025,1,https://www.oderco.com.br/media/catalog/product/cache/c5b0e6136a6dd7f7d91d8b889ed40f35/1/4/143025-3-17637380795897290.jpeg,Listagem (imagem principal)
152273,1,https://www.oderco.com.br/media/catalog/product/cache/c5b0e6136a6dd7f7d91d8b889ed40f35/1/5/1522731780914726.jpg,Listagem (imagem principal)
CP152273,1,https://www.oderco.com.br/media/catalog/product/cache/c5b0e6136a6dd7f7d91d8b889ed40f35/1/5/152273_2-17459165074785513.jpeg,Listagem (imagem principal)
CP152278,1,https://www.oderco.com.br/media/catalog/product/cache/c5b0e6136a6dd7f7d91d8b889ed40f35/1/5/152278-17458725286366677.jpeg,Listagem (imagem principal)
CP152261,1,https://www.oderco.com.br/media/catalog/product/cache/c5b0e6136a6dd7f7d91d8b889ed40f35/1/5/152261-17458494703688373.jpeg,Listagem (imagem principal)
CP152262,1,https://www.oderco.com.br/media/catalog/product/cache/c5b0e6136a6dd7f7d91d8b889ed40f35/1/5/152262-17459240515504932.jpeg,Listagem (imagem principal)
CP152274,1,https://www.oderco.com.br/media/catalog/product/cache/c5b0e6136a6dd7f7d91d8b889ed40f35/1/5/152274-17457143736195612.jpeg,Listagem (imagem principal)
CP14855,1,https://www.oderco.com.br/media/catalog/product/cache/c5b0e6136a6dd7f7d91d8b889ed40f35/1/4/14855.jpg-17573354444459416.jpeg,Listagem (imagem principal)
CP18572,1,https://www.oderco.com.br/media/catalog/product/cache/c5b0e6136a6dd7f7d91d8b889ed40f35/1/8/18572.jpg-17460175364713837.jpeg,Listagem (imagem principal)
CP25413,1,https://www.oderco.com.br/media/catalog/product/cache/c5b0e6136a6dd7f7d91d8b889ed40f35/2/5/25413-17457928895827627.jpeg,Listagem (imagem principal)
CP25418,1,https://www.oderco.com.br/media/catalog/product/cache/c5b0e6136a6dd7f7d91d8b889ed40f35/2/5/25418.jpg-17460173930315426.jpeg,Listagem (imagem principal)
CP25416,1,https://www.oderco.com.br/media/catalog/product/cache/c5b0e6136a6dd7f7d91d8b889ed40f35/2/5/25416-17460173986615019.jpeg,Listagem (imagem principal)
CP28777,1,https://www.oderco.com.br/media/catalog/product/cache/c5b0e6136a6dd7f7d91d8b889ed40f35/2/8/28777_1-17480112038168219.jpeg,Listagem (imagem principal)
CP29036,1,https://www.oderco.com.br/media/catalog/product/cache/c5b0e6136a6dd7f7d91d8b889ed40f35/2/9/29036-17460172807882125.jpeg,Listagem (imagem principal)
CP25420,1,https://www.oderco.com.br/media/catalog/product/cache/c5b0e6136a6dd7f7d91d8b889ed40f35/2/5/25420-17458330766554249.jpeg,Listagem (imagem principal)
CP25664,1,https://www.oderco.com.br/media/catalog/product/cache/c5b0e6136a6dd7f7d91d8b889ed40f35/2/5/25664.jpg-17459261245325728.jpeg,Listagem (imagem principal)
CP28993,1,https://www.oderco.com.br/media/catalog/product/cache/c5b0e6136a6dd7f7d91d8b889ed40f35/2/8/28993-17458134330301208.jpeg,Listagem (imagem principal)
CP35895,1,https://www.oderco.com.br/media/catalog/product/cache/c5b0e6136a6dd7f7d91d8b889ed40f35/1/-/1-17522997159603437.jpeg,Listagem (imagem principal)
37641,1,https://www.oderco.com.br/media/catalog/product/cache/c5b0e6136a6dd7f7d91d8b889ed40f35/3/7/376411780050717.jpg,Listagem (imagem principal)
CP37641,1,https://www.oderco.com.br/media/catalog/product/cache/c5b0e6136a6dd7f7d91d8b889ed40f35/3/7/37641-17523305064321759.jpeg,Listagem (imagem principal)
CP106946,1,https://www.oderco.com.br/media/catalog/product/cache/c5b0e6136a6dd7f7d91d8b889ed40f35/1/0/106946-17523128018929446.jpeg,Listagem (imagem principal)
CP108160,1,https://www.oderco.com.br/media/catalog/product/cache/c5b0e6136a6dd7f7d91d8b889ed40f35/1/0/108160_1-17680520863657208.jpeg,Listagem (imagem principal)
CP191674,1,https://www.oderco.com.br/media/catalog/product/cache/c5b0e6136a6dd7f7d91d8b889ed40f35/1/9/191674-17523643663122196.jpeg,Listagem (imagem principal)
CP111643,1,https://www.oderco.com.br/media/catalog/product/cache/c5b0e6136a6dd7f7d91d8b889ed40f35/1/1/111643-17522980454421331.jpeg,Listagem (imagem principal)
CP111648,1,https://www.oderco.com.br/media/catalog/product/cache/c5b0e6136a6dd7f7d91d8b889ed40f35/1/1/111648-17522982449924071.jpeg,Listagem (imagem principal)
CP111650,1,https://www.oderco.com.br/media/catalog/product/cache/c5b0e6136a6dd7f7d91d8b889ed40f35/1/1/111650-17523496277887760.jpeg,Listagem (imagem principal)
CP112217,1,https://www.oderco.com.br/media/catalog/product/cache/c5b0e6136a6dd7f7d91d8b889ed40f35/1/1/112217-17523634973322788.jpeg,Listagem (imagem principal)
CP108181,1,https://www.oderco.com.br/media/catalog/product/cache/c5b0e6136a6dd7f7d91d8b889ed40f35/1/0/108181_1-17680213671014443.jpeg,Listagem (imagem principal)
CP108183,1,https://www.oderco.com.br/media/catalog/product/cache/c5b0e6136a6dd7f7d91d8b889ed40f35/1/0/108183_1-17680214492912536.jpeg,Listagem (imagem principal)
CP108182,1,https://www.oderco.com.br/media/catalog/product/cache/c5b0e6136a6dd7f7d91d8b889ed40f35/1/0/108182_-17680215312874966.jpeg,Listagem (imagem principal)
CP253640,1,https://www.oderco.com.br/media/catalog/product/cache/c5b0e6136a6dd7f7d91d8b889ed40f35/2/5/253640-17523302860378686.jpeg,Listagem (imagem principal)
CP253646,1,https://www.oderco.com.br/media/catalog/product/cache/c5b0e6136a6dd7f7d91d8b889ed40f35/2/5/253646-17522530861643318.jpeg,Listagem (imagem principal)
CP264289,1,https://www.oderco.com.br/media/catalog/product/cache/c5b0e6136a6dd7f7d91d8b889ed40f35/2/6/264289_-_1-17459009948087158.jpeg,Listagem (imagem principal)
CP253893,1,https://www.oderco.com.br/media/catalog/product/cache/c5b0e6136a6dd7f7d91d8b889ed40f35/2/5/253893-17458727054976449.jpeg,Listagem (imagem principal)
CP253891,1,https://www.oderco.com.br/media/catalog/product/cache/c5b0e6136a6dd7f7d91d8b889ed40f35/2/5/253891-17459046427284450.jpeg,Listagem (imagem principal)
CP253894,1,https://www.oderco.com.br/media/catalog/product/cache/c5b0e6136a6dd7f7d91d8b889ed40f35/2/5/253894-17458998293186562.jpeg,Listagem (imagem principal)
CP253880,1,https://www.oderco.com.br/media/catalog/product/cache/c5b0e6136a6dd7f7d91d8b889ed40f35/2/5/253880-17459063280908387.jpeg,Listagem (imagem principal)
CP253895,1,https://www.oderco.com.br/media/catalog/product/cache/c5b0e6136a6dd7f7d91d8b889ed40f35/2/5/253895-2-17458688921571993.jpeg,Listagem (imagem principal)
CP253898,1,https://www.oderco.com.br/media/catalog/product/cache/c5b0e6136a6dd7f7d91d8b889ed40f35/2/5/253898-17459126435768742.jpeg,Listagem (imagem principal)
CP253874,1,https://www.oderco.com.br/media/catalog/product/cache/c5b0e6136a6dd7f7d91d8b889ed40f35/2/5/253874-5-17458280901488103.jpeg,Listagem (imagem principal)
CP253899,1,https://www.oderco.com.br/media/catalog/product/cache/c5b0e6136a6dd7f7d91d8b889ed40f35/2/5/253899-17458508093325430.jpeg,Listagem (imagem principal)
CP296011,1,https://www.oderco.com.br/media/catalog/product/cache/c5b0e6136a6dd7f7d91d8b889ed40f35/M/I/MICROFONE_UHF_DUPLA_FREQUENCIA_FIXA_TRANSMISSAO_DIGITAL-17483502582767010.png,Listagem (imagem principal)
CP296015,1,https://www.oderco.com.br/media/catalog/product/cache/c5b0e6136a6dd7f7d91d8b889ed40f35/2/9/296015_1.jpg-17479413198836920.png,Listagem (imagem principal)
CP320137,1,https://www.oderco.com.br/media/catalog/product/cache/c5b0e6136a6dd7f7d91d8b889ed40f35/3/2/320137_1-17493303038668576.jpeg,Listagem (imagem principal)
CP320127,1,https://www.oderco.com.br/media/catalog/product/cache/c5b0e6136a6dd7f7d91d8b889ed40f35/3/2/320127_3-17491297447224493.jpeg,Listagem (imagem principal)
CP320131,1,https://www.oderco.com.br/media/catalog/product/cache/c5b0e6136a6dd7f7d91d8b889ed40f35/3/2/320131_1-17493168254213103.jpeg,Listagem (imagem principal)
CP303572,1,https://www.oderco.com.br/media/catalog/product/cache/c5b0e6136a6dd7f7d91d8b889ed40f35/3/0/303572_1-17510518891916846.jpeg,Listagem (imagem principal)
CP303624,1,https://www.oderco.com.br/media/catalog/product/cache/c5b0e6136a6dd7f7d91d8b889ed40f35/3/0/303624_1-17510519966317051.jpeg,Listagem (imagem principal)
CP303571,1,https://www.oderco.com.br/media/catalog/product/cache/c5b0e6136a6dd7f7d91d8b889ed40f35/3/0/303571_1-17510518269735458.jpeg,Listagem (imagem principal)
CP303507,1,https://www.oderco.com.br/media/catalog/product/cache/c5b0e6136a6dd7f7d91d8b889ed40f35/3/0/303507_1-17510515846911976.jpeg,Listagem (imagem principal)
CP303508,1,https://www.oderco.com.br/media/catalog/product/cache/c5b0e6136a6dd7f7d91d8b889ed40f35/3/0/303508_1-17510516524816332.jpeg,Listagem (imagem principal)
CP303622,1,https://www.oderco.com.br/media/catalog/product/cache/c5b0e6136a6dd7f7d91d8b889ed40f35/3/0/303622_1-17510519470696200.jpeg,Listagem (imagem principal)
CP303509,1,https://www.oderco.com.br/media/catalog/product/cache/c5b0e6136a6dd7f7d91d8b889ed40f35/3/0/303509_1-17510516987597580.jpeg,Listagem (imagem principal)
CP303510,1,https://www.oderco.com.br/media/catalog/product/cache/c5b0e6136a6dd7f7d91d8b889ed40f35/3/0/303510_1-17510517774514117.jpeg,Listagem (imagem principal)
CP303493,1,https://www.oderco.com.br/media/catalog/product/cache/c5b0e6136a6dd7f7d91d8b889ed40f35/3/0/303493_-17510508085356723.jpeg,Listagem (imagem principal)
CP303490,1,https://www.oderco.com.br/media/catalog/product/cache/c5b0e6136a6dd7f7d91d8b889ed40f35/3/0/303490_-17510506271663693.jpeg,Listagem (imagem principal)
CP303506,1,https://www.oderco.com.br/media/catalog/product/cache/c5b0e6136a6dd7f7d91d8b889ed40f35/3/0/303506_1-17510507444664915.jpeg,Listagem (imagem principal)
CP303489,1,https://www.oderco.com.br/media/catalog/product/cache/c5b0e6136a6dd7f7d91d8b889ed40f35/3/0/303489_1-17510505050882630.jpeg,Listagem (imagem principal)
CP303659,1,https://www.oderco.com.br/media/catalog/product/cache/c5b0e6136a6dd7f7d91d8b889ed40f35/3/0/303659_1-17510521839201627.jpeg,Listagem (imagem principal)
CP303442,1,https://www.oderco.com.br/media/catalog/product/cache/c5b0e6136a6dd7f7d91d8b889ed40f35/3/0/303442_1-17510478646444437.jpeg,Listagem (imagem principal)
CP303658,1,https://www.oderco.com.br/media/catalog/product/cache/c5b0e6136a6dd7f7d91d8b889ed40f35/3/0/303658_1-17510520925152157.jpeg,Listagem (imagem principal)
CP303655,1,https://www.oderco.com.br/media/catalog/product/cache/c5b0e6136a6dd7f7d91d8b889ed40f35/3/0/303655_-17510520416651491.jpeg,Listagem (imagem principal)
CP303472,1,https://www.oderco.com.br/media/catalog/product/cache/c5b0e6136a6dd7f7d91d8b889ed40f35/3/0/303472_1-17510503865329860.jpeg,Listagem (imagem principal)
CP303453,1,https://www.oderco.com.br/media/catalog/product/cache/c5b0e6136a6dd7f7d91d8b889ed40f35/3/0/303453_1-17510495448917238.jpeg,Listagem (imagem principal)
CP303449,1,https://www.oderco.com.br/media/catalog/product/cache/c5b0e6136a6dd7f7d91d8b889ed40f35/3/0/303449_1-17510494293286907.jpeg,Listagem (imagem principal)
CP303456,1,https://www.oderco.com.br/media/catalog/product/cache/c5b0e6136a6dd7f7d91d8b889ed40f35/3/0/303456_1-17510497854449071.jpeg,Listagem (imagem principal)
CP303448,1,https://www.oderco.com.br/media/catalog/product/cache/c5b0e6136a6dd7f7d91d8b889ed40f35/3/0/303448_1-17510493653606832.jpeg,Listagem (imagem principal)
CP303447,1,https://www.oderco.com.br/media/catalog/product/cache/c5b0e6136a6dd7f7d91d8b889ed40f35/3/0/303447_1-17510493049895374.jpeg,Listagem (imagem principal)
CP303656,1,https://www.oderco.com.br/media/catalog/product/cache/c5b0e6136a6dd7f7d91d8b889ed40f35/3/0/303656-17601040478759442.jpeg,Listagem (imagem principal)
CP303652,1,https://www.oderco.com.br/media/catalog/product/cache/c5b0e6136a6dd7f7d91d8b889ed40f35/3/0/303562-17601019297722082.jpeg,Listagem (imagem principal)
CP352833,1,https://www.oderco.com.br/media/catalog/product/cache/c5b0e6136a6dd7f7d91d8b889ed40f35/3/5/352833_1-17621817720784471.jpeg,Listagem (imagem principal)
CP352813,1,https://www.oderco.com.br/media/catalog/product/cache/c5b0e6136a6dd7f7d91d8b889ed40f35/3/5/352813_1-17648494554714414.jpeg,Listagem (imagem principal)
CP352805,1,https://www.oderco.com.br/media/catalog/product/cache/c5b0e6136a6dd7f7d91d8b889ed40f35/3/5/352805_1-17621818172457670.jpeg,Listagem (imagem principal)
CP352804,1,https://www.oderco.com.br/media/catalog/product/cache/c5b0e6136a6dd7f7d91d8b889ed40f35/3/5/352804_1-17648494161855651.jpeg,Listagem (imagem principal)
CP352800,1,https://www.oderco.com.br/media/catalog/product/cache/c5b0e6136a6dd7f7d91d8b889ed40f35/3/5/352800_1-17648493815847936.jpeg,Listagem (imagem principal)
CP18593,1,https://www.oderco.com.br/media/catalog/product/cache/c5b0e6136a6dd7f7d91d8b889ed40f35/1/8/18593_1-17621817484905162.jpeg,Listagem (imagem principal)
CP357160,1,https://www.oderco.com.br/media/catalog/product/cache/c5b0e6136a6dd7f7d91d8b889ed40f35/3/5/357160_1-17677966635888053.jpeg,Listagem (imagem principal)
CP357159,1,https://www.oderco.com.br/media/catalog/product/cache/c5b0e6136a6dd7f7d91d8b889ed40f35/3/5/357159_1-17678224568006415.jpeg,Listagem (imagem principal)
CP111604,1,https://www.oderco.com.br/media/catalog/product/cache/c5b0e6136a6dd7f7d91d8b889ed40f35/1/1/111604_-17683991153392531.jpeg,Listagem (imagem principal)
CP303661,1,https://www.oderco.com.br/media/catalog/product/cache/c5b0e6136a6dd7f7d91d8b889ed40f35/3/0/303661_1-17691716109475930.jpeg,Listagem (imagem principal)
CP314830,1,https://www.oderco.com.br/media/catalog/product/cache/c5b0e6136a6dd7f7d91d8b889ed40f35/3/1/314830_1-17691728390817499.jpeg,Listagem (imagem principal)
CP314827,1,https://www.oderco.com.br/media/catalog/product/cache/c5b0e6136a6dd7f7d91d8b889ed40f35/3/1/314827_1-17691726250833262.jpeg,Listagem (imagem principal)
CP314831,1,https://www.oderco.com.br/media/catalog/product/cache/c5b0e6136a6dd7f7d91d8b889ed40f35/3/1/314831_1-17691729356873364.jpeg,Listagem (imagem principal)
CP314828,1,https://www.oderco.com.br/media/catalog/product/cache/c5b0e6136a6dd7f7d91d8b889ed40f35/3/1/314828_-17691727384089153.jpeg,Listagem (imagem principal)
CP314826,1,https://www.oderco.com.br/media/catalog/product/cache/c5b0e6136a6dd7f7d91d8b889ed40f35/3/1/314826_1-17693261760092628.jpeg,Listagem (imagem principal)
CP314824,1,https://www.oderco.com.br/media/catalog/product/cache/c5b0e6136a6dd7f7d91d8b889ed40f35/3/1/314824_1-17693088323616088.jpeg,Listagem (imagem principal)
CP314834,1,https://www.oderco.com.br/media/catalog/product/cache/c5b0e6136a6dd7f7d91d8b889ed40f35/3/1/314834-17692600882486556.jpeg,Listagem (imagem principal)
CP314833,1,https://www.oderco.com.br/media/catalog/product/cache/c5b0e6136a6dd7f7d91d8b889ed40f35/3/1/314833-17692591430362710.jpeg,Listagem (imagem principal)
CP314850,1,https://www.oderco.com.br/media/catalog/product/cache/c5b0e6136a6dd7f7d91d8b889ed40f35/3/1/314850-17693262784312119.jpeg,Listagem (imagem principal)
CP328672,1,https://www.oderco.com.br/media/catalog/product/cache/c5b0e6136a6dd7f7d91d8b889ed40f35/3/2/328671_-17706654255026292.jpeg,Listagem (imagem principal)
CP328667,1,https://www.oderco.com.br/media/catalog/product/cache/c5b0e6136a6dd7f7d91d8b889ed40f35/3/2/328667_1-17710630262929039.jpeg,Listagem (imagem principal)
CP328666,1,https://www.oderco.com.br/media/catalog/product/cache/c5b0e6136a6dd7f7d91d8b889ed40f35/3/2/328666-17706560169716879.jpeg,Listagem (imagem principal)
CP328665,1,https://www.oderco.com.br/media/catalog/product/cache/c5b0e6136a6dd7f7d91d8b889ed40f35/3/2/328665_1-17706507254418513.jpeg,Listagem (imagem principal)
CP330674,1,https://www.oderco.com.br/media/catalog/product/cache/c5b0e6136a6dd7f7d91d8b889ed40f35/3/3/330674-17715117783793699.jpeg,Listagem (imagem principal)
CP330543,1,https://www.oderco.com.br/media/catalog/product/cache/c5b0e6136a6dd7f7d91d8b889ed40f35/3/3/330543-17715116245403064.jpeg,Listagem (imagem principal)
CP330553,1,https://www.oderco.com.br/media/catalog/product/cache/c5b0e6136a6dd7f7d91d8b889ed40f35/3/3/330553-17715116654345948.jpeg,Listagem (imagem principal)
CP330516,1,https://www.oderco.com.br/media/catalog/product/cache/c5b0e6136a6dd7f7d91d8b889ed40f35/3/3/330516-17715115799083421.jpeg,Listagem (imagem principal)
CP330672,1,https://www.oderco.com.br/media/catalog/product/cache/c5b0e6136a6dd7f7d91d8b889ed40f35/3/3/330672-17715117420645043.jpeg,Listagem (imagem principal)
CP330641,1,https://www.oderco.com.br/media/catalog/product/cache/c5b0e6136a6dd7f7d91d8b889ed40f35/3/3/330641-17715117116978257.jpeg,Listagem (imagem principal)
CP342290,1,https://www.oderco.com.br/media/catalog/product/cache/c5b0e6136a6dd7f7d91d8b889ed40f35/3/4/342290_1-17734961285921725.jpeg,Listagem (imagem principal)
CP342291,1,https://www.oderco.com.br/media/catalog/product/cache/c5b0e6136a6dd7f7d91d8b889ed40f35/3/4/342291_1-17734961521016850.jpeg,Listagem (imagem principal)
CP342295,1,https://www.oderco.com.br/media/catalog/product/cache/c5b0e6136a6dd7f7d91d8b889ed40f35/3/4/342295_1-17734962222599730.jpeg,Listagem (imagem principal)
CP342292,1,https://www.oderco.com.br/media/catalog/product/cache/c5b0e6136a6dd7f7d91d8b889ed40f35/3/4/342292_1-17734961755057606.jpeg,Listagem (imagem principal)
CP342294,1,https://www.oderco.com.br/media/catalog/product/cache/c5b0e6136a6dd7f7d91d8b889ed40f35/3/4/342294_1-17734961988487960.jpeg,Listagem (imagem principal)
CP342288,1,https://www.oderco.com.br/media/catalog/product/cache/c5b0e6136a6dd7f7d91d8b889ed40f35/3/4/342288_1-17734961058253226.jpeg,Listagem (imagem principal)
CP338666,1,https://www.oderco.com.br/media/catalog/product/cache/c5b0e6136a6dd7f7d91d8b889ed40f35/3/3/338666_1-17773826474786195.jpeg,Listagem (imagem principal)
CP338667,1,https://www.oderco.com.br/media/catalog/product/cache/c5b0e6136a6dd7f7d91d8b889ed40f35/3/3/338667_-17773826708619782.jpeg,Listagem (imagem principal)
CP360331,1,https://www.oderco.com.br/media/catalog/product/cache/c5b0e6136a6dd7f7d91d8b889ed40f35/3/6/360331_1-17783069090081006.jpeg,Listagem (imagem principal)
CP360326,1,https://www.oderco.com.br/media/catalog/product/cache/c5b0e6136a6dd7f7d91d8b889ed40f35/3/6/360326_-17783068717248056.jpeg,Listagem (imagem principal)
CP355802,1,https://www.oderco.com.br/media/catalog/product/cache/c5b0e6136a6dd7f7d91d8b889ed40f35/3/5/355802_1-17798893654568500.jpeg,Listagem (imagem principal)
CP13202,1,https://www.oderco.com.br/media/catalog/product/cache/c5b0e6136a6dd7f7d91d8b889ed40f35/1/3/13202_1-17573492321702087.png,Listagem (imagem principal)
CP10964,1,https://www.oderco.com.br/media/catalog/product/cache/c5b0e6136a6dd7f7d91d8b889ed40f35/1/0/10964_1-17573495018096459.jpeg,Listagem (imagem principal)
CP10969,1,https://www.oderco.com.br/media/catalog/product/cache/c5b0e6136a6dd7f7d91d8b889ed40f35/1/0/10969-17458757270742827.jpeg,Listagem (imagem principal)
CP13206,1,https://www.oderco.com.br/media/catalog/product/cache/c5b0e6136a6dd7f7d91d8b889ed40f35/1/3/13206-17569949626965955.jpeg,Listagem (imagem principal)
CP10966,1,https://www.oderco.com.br/media/catalog/product/cache/c5b0e6136a6dd7f7d91d8b889ed40f35/1/0/10966_1-17573496127964037.jpeg,Listagem (imagem principal)
CP10968,1,https://www.oderco.com.br/media/catalog/product/cache/c5b0e6136a6dd7f7d91d8b889ed40f35/1/0/10968_1-17573497860192444.jpeg,Listagem (imagem principal)
CP13201,1,https://www.oderco.com.br/media/catalog/product/cache/c5b0e6136a6dd7f7d91d8b889ed40f35/1/3/13201_1-17573494242192622.png,Listagem (imagem principal)
CP13205,1,https://www.oderco.com.br/media/catalog/product/cache/c5b0e6136a6dd7f7d91d8b889ed40f35/1/3/13205_1-17573497533487480.jpeg,Listagem (imagem principal)
CP152310,1,https://www.oderco.com.br/media/catalog/product/cache/c5b0e6136a6dd7f7d91d8b889ed40f35/1/5/152310-17522773803622010.jpeg,Listagem (imagem principal)
CP157090,1,https://www.oderco.com.br/media/catalog/product/cache/c5b0e6136a6dd7f7d91d8b889ed40f35/1/5/157090_1-17573495266677054.jpeg,Listagem (imagem principal)
CP157093,1,https://www.oderco.com.br/media/catalog/product/cache/c5b0e6136a6dd7f7d91d8b889ed40f35/1/5/157093_1-17573495532412015.jpeg,Listagem (imagem principal)
CP157101,1,https://www.oderco.com.br/media/catalog/product/cache/c5b0e6136a6dd7f7d91d8b889ed40f35/1/5/157101-17523339457239813.jpeg,Listagem (imagem principal)
CP152315,1,https://www.oderco.com.br/media/catalog/product/cache/c5b0e6136a6dd7f7d91d8b889ed40f35/1/5/152315-17523406741251824.jpeg,Listagem (imagem principal)
CP152321,1,https://www.oderco.com.br/media/catalog/product/cache/c5b0e6136a6dd7f7d91d8b889ed40f35/1/5/152321-17569947824839406.jpeg,Listagem (imagem principal)
CP157084,1,https://www.oderco.com.br/media/catalog/product/cache/c5b0e6136a6dd7f7d91d8b889ed40f35/1/5/157084_1-17573490355671638.jpeg,Listagem (imagem principal)
CP157089,1,https://www.oderco.com.br/media/catalog/product/cache/c5b0e6136a6dd7f7d91d8b889ed40f35/1/5/157089_1-17573495851921192.jpeg,Listagem (imagem principal)
CP152309,1,https://www.oderco.com.br/media/catalog/product/cache/c5b0e6136a6dd7f7d91d8b889ed40f35/1/5/152309-17522774362702068.jpeg,Listagem (imagem principal)
CP13230,1,https://www.oderco.com.br/media/catalog/product/cache/c5b0e6136a6dd7f7d91d8b889ed40f35/1/3/13230_1-17573491788535710.png,Listagem (imagem principal)
CP10971,1,https://www.oderco.com.br/media/catalog/product/cache/c5b0e6136a6dd7f7d91d8b889ed40f35/1/0/10971-17457919131095456.jpeg,Listagem (imagem principal)
CP13207,1,https://www.oderco.com.br/media/catalog/product/cache/c5b0e6136a6dd7f7d91d8b889ed40f35/1/3/13207-17569946547853736.jpeg,Listagem (imagem principal)
CP13228,1,https://www.oderco.com.br/media/catalog/product/cache/c5b0e6136a6dd7f7d91d8b889ed40f35/1/3/13228_1-17573491218686946.png,Listagem (imagem principal)
CP157085,1,https://www.oderco.com.br/media/catalog/product/cache/c5b0e6136a6dd7f7d91d8b889ed40f35/1/5/157085_1-17573490616384565.jpeg,Listagem (imagem principal)
CP10967,1,https://www.oderco.com.br/media/catalog/product/cache/c5b0e6136a6dd7f7d91d8b889ed40f35/1/0/10967_1-17573496501567971.jpeg,Listagem (imagem principal)
CP111594,1,https://www.oderco.com.br/media/catalog/product/cache/c5b0e6136a6dd7f7d91d8b889ed40f35/1/1/111594-17523728616964867.jpeg,Listagem (imagem principal)
CP33698,1,https://www.oderco.com.br/media/catalog/product/cache/c5b0e6136a6dd7f7d91d8b889ed40f35/3/3/33698-17510322186809476.jpeg,Listagem (imagem principal)
CP34582,1,https://www.oderco.com.br/media/catalog/product/cache/c5b0e6136a6dd7f7d91d8b889ed40f35/3/4/34582-17522621963484168.jpeg,Listagem (imagem principal)
CP17417,1,https://www.oderco.com.br/media/catalog/product/cache/c5b0e6136a6dd7f7d91d8b889ed40f35/1/7/17417.jpg-17458804361727651.jpeg,Listagem (imagem principal)
CP29405,1,https://www.oderco.com.br/media/catalog/product/cache/c5b0e6136a6dd7f7d91d8b889ed40f35/2/9/29405-17458536562491594.jpeg,Listagem (imagem principal)
CP18574,1,https://www.oderco.com.br/media/catalog/product/cache/c5b0e6136a6dd7f7d91d8b889ed40f35/1/8/18574_1.jpg-17458989310906177.jpeg,Listagem (imagem principal)
CP33697,1,https://www.oderco.com.br/media/catalog/product/cache/c5b0e6136a6dd7f7d91d8b889ed40f35/3/3/33697-17522380235431762.jpeg,Listagem (imagem principal)
CP111597,1,https://www.oderco.com.br/media/catalog/product/cache/c5b0e6136a6dd7f7d91d8b889ed40f35/1/1/111597-17523185382683191.jpeg,Listagem (imagem principal)
CP22173,1,https://www.oderco.com.br/media/catalog/product/cache/c5b0e6136a6dd7f7d91d8b889ed40f35/2/2/22173.jpg-17523519288882252.jpeg,Listagem (imagem principal)
CP27757,1,https://www.oderco.com.br/media/catalog/product/cache/c5b0e6136a6dd7f7d91d8b889ed40f35/2/7/27757-17460173129464204.jpeg,Listagem (imagem principal)
CP18571,1,https://www.oderco.com.br/media/catalog/product/cache/c5b0e6136a6dd7f7d91d8b889ed40f35/1/8/18571.jpg-17460175416358217.jpeg,Listagem (imagem principal)
CP22474,1,https://www.oderco.com.br/media/catalog/product/cache/c5b0e6136a6dd7f7d91d8b889ed40f35/2/2/22474.jpg-17458502973616093.jpeg,Listagem (imagem principal)
CP27760,1,https://www.oderco.com.br/media/catalog/product/cache/c5b0e6136a6dd7f7d91d8b889ed40f35/2/7/27760_1-17482937404663813.jpeg,Listagem (imagem principal)
CP111593,1,https://www.oderco.com.br/media/catalog/product/cache/c5b0e6136a6dd7f7d91d8b889ed40f35/1/1/111593-17522971558727672.jpeg,Listagem (imagem principal)
CP31352,1,https://www.oderco.com.br/media/catalog/product/cache/c5b0e6136a6dd7f7d91d8b889ed40f35/3/1/31352-17522686935888342.jpeg,Listagem (imagem principal)
CP108167,1,https://www.oderco.com.br/media/catalog/product/cache/c5b0e6136a6dd7f7d91d8b889ed40f35/1/0/108167_-17680521668965265.jpeg,Listagem (imagem principal)
CP22170,1,https://www.oderco.com.br/media/catalog/product/cache/c5b0e6136a6dd7f7d91d8b889ed40f35/2/2/22170_2.jpg-17459057290766561.jpeg,Listagem (imagem principal)
CP19066,1,https://www.oderco.com.br/media/catalog/product/cache/c5b0e6136a6dd7f7d91d8b889ed40f35/1/9/19066_1-17477610742189055.jpeg,Listagem (imagem principal)
CP36759,1,https://www.oderco.com.br/media/catalog/product/cache/c5b0e6136a6dd7f7d91d8b889ed40f35/3/6/36759-17523524803061187.jpeg,Listagem (imagem principal)
CP108179,1,https://www.oderco.com.br/media/catalog/product/cache/c5b0e6136a6dd7f7d91d8b889ed40f35/1/0/108179_-17680209684252633.jpeg,Listagem (imagem principal)
CP111599,1,https://www.oderco.com.br/media/catalog/product/cache/c5b0e6136a6dd7f7d91d8b889ed40f35/1/1/111599_1-17680211236497029.jpeg,Listagem (imagem principal)
CP34578,1,https://www.oderco.com.br/media/catalog/product/cache/c5b0e6136a6dd7f7d91d8b889ed40f35/3/4/34578_2-17459257445047516.jpeg,Listagem (imagem principal)
CP108177,1,https://www.oderco.com.br/media/catalog/product/cache/c5b0e6136a6dd7f7d91d8b889ed40f35/1/0/108177_-17680208889835810.jpeg,Listagem (imagem principal)
CP108180,1,https://www.oderco.com.br/media/catalog/product/cache/c5b0e6136a6dd7f7d91d8b889ed40f35/1/0/108180_-17680210463088772.jpeg,Listagem (imagem principal)
CP111601,1,https://www.oderco.com.br/media/catalog/product/cache/c5b0e6136a6dd7f7d91d8b889ed40f35/1/1/111601_-17680212017815919.jpeg,Listagem (imagem principal)
CP111602,1,https://www.oderco.com.br/media/catalog/product/cache/c5b0e6136a6dd7f7d91d8b889ed40f35/1/1/111602_-17680212850399424.jpeg,Listagem (imagem principal)
CP112392,1,https://www.oderco.com.br/media/catalog/product/cache/c5b0e6136a6dd7f7d91d8b889ed40f35/1/1/112392-1-17642509856531753.jpeg,Listagem (imagem principal)
CP303663,1,https://www.oderco.com.br/media/catalog/product/cache/c5b0e6136a6dd7f7d91d8b889ed40f35/3/0/303663_1-17510522306704028.jpeg,Listagem (imagem principal)
CP111605,1,https://www.oderco.com.br/media/catalog/product/cache/c5b0e6136a6dd7f7d91d8b889ed40f35/1/1/111605_1-17682489091784786.jpeg,Listagem (imagem principal)
CP111603,1,https://www.oderco.com.br/media/catalog/product/cache/c5b0e6136a6dd7f7d91d8b889ed40f35/1/1/111603_-17683010154697343.jpeg,Listagem (imagem principal)
CP314787,1,https://www.oderco.com.br/media/catalog/product/cache/c5b0e6136a6dd7f7d91d8b889ed40f35/3/1/314787_1-17693492338688925.jpeg,Listagem (imagem principal)
CP314791,1,https://www.oderco.com.br/media/catalog/product/cache/c5b0e6136a6dd7f7d91d8b889ed40f35/3/1/314791_1-17692712428874405.jpeg,Listagem (imagem principal)
CP328671,1,https://www.oderco.com.br/media/catalog/product/cache/c5b0e6136a6dd7f7d91d8b889ed40f35/3/2/328671-17714456835354326.jpeg,Listagem (imagem principal)
CP328664,1,https://www.oderco.com.br/media/catalog/product/cache/c5b0e6136a6dd7f7d91d8b889ed40f35/3/2/328664_1-17706909607789746.jpeg,Listagem (imagem principal)
CP328663,1,https://www.oderco.com.br/media/catalog/product/cache/c5b0e6136a6dd7f7d91d8b889ed40f35/3/2/328663_1-17715118271743254.jpeg,Listagem (imagem principal)
CP360327,1,https://www.oderco.com.br/media/catalog/product/cache/c5b0e6136a6dd7f7d91d8b889ed40f35/3/6/360327_-17783068254208289.jpeg,Listagem (imagem principal)
CP360325,1,https://www.oderco.com.br/media/catalog/product/cache/c5b0e6136a6dd7f7d91d8b889ed40f35/3/6/360325_1-17783067874089711.jpeg,Listagem (imagem principal)
CP10965,1,https://www.oderco.com.br/media/catalog/product/cache/c5b0e6136a6dd7f7d91d8b889ed40f35/1/0/10965_1-17573490038016380.jpeg,Listagem (imagem principal)
CP10963,1,https://www.oderco.com.br/media/catalog/product/cache/c5b0e6136a6dd7f7d91d8b889ed40f35/1/0/10963_1-17573494770173176.jpeg,Listagem (imagem principal)
